SCHOOL NAME,avg_class_size,avg_largest_class,avg_smallest_class,DBN
Henry Street School for International Studies,22.564285714285713,26.571428571428573,18.5,01M292
University Neighborhood Middle School,22,23.5,21,01M332
School for Global Leaders,33,33,33,01M378
University Neighborhood High School,22.23125,27.0625,18.25,01M448
East Side Community School,21.2,22.866666666666667,19.4,01M450
Forsyth Satellite Academy,23,23.4,22.6,01M458
Marta Valle High School,23.571428571428573,27.357142857142858,20,01M509
Lower East Side Preparatory High School,22.876470588235293,28.58823529411765,15.764705882352942,01M515
"New Explorations into Science, Technology and Math High School",25.510526315789473,31.210526315789473,19.473684210526315,01M539
Cascades High School,21.78125,24.75,18.6875,01M650
Bard High School Early College,20.975,24.25,17.166666666666668,01M696
47 The American Sign Language and English Secondary School,16.072727272727274,17.09090909090909,15.090909090909092,02M047
J.H.S. 104 Simon Baruch,21.25,26.5,15,02M104
P.S. 126 Jacob August Riis,27.8,30,25,02M126
M.S. 131,14,14.666666666666666,13.333333333333334,02M131
M.S. 255 Salk School of Science,31,31,31,02M255
Food and Finance High School,22.683333333333334,26.166666666666668,19.333333333333332,02M288
Essex Street Academy,14.9,17.857142857142858,12.285714285714286,02M294
High School of Hospitality Management,22.964285714285715,27.571428571428573,16.214285714285715,02M296
Pace High School,21.3125,25.0625,18,02M298
"Urban Assembly School of Design and Construction, The",22.641666666666666,27.583333333333332,18.166666666666668,02M300
"Facing History School, The",21.85,26.166666666666668,18.5,02M303
"Urban Assembly Academy of Government and Law, The",20.8,24,17.625,02M305
Lower Manhattan Arts Academy,23.25,26,20.75,02M308
"James Baldwin School, The: A School for Expeditionary Learning",21.92142857142857,24.071428571428573,19.785714285714285,02M313
"Urban Assembly School of Business for Young Women, the",26.316666666666666,27.75,23.5,02M316
Gramercy Arts High School,27.207142857142856,30.571428571428573,22.857142857142858,02M374
NYC iSchool,37.02307692307692,50.69230769230769,25.846153846153847,02M376
MANHATTAN BUSINESS ACADEMY,25.257142857142856,27,23.428571428571427,02M392
BUSINESS OF SPORTS SCHOOL,22.12857142857143,26.428571428571427,16.142857142857142,02M393
EMMA LAZARUS HIGH SCHOOL,24.7,31.7,16.5,02M394
THE HIGH SCHOOL FOR LANGUAGE AND DIPLOMACY,17.854545454545455,24,14.090909090909092,02M399
High School for Environmental Studies,30.58,34.6,21.8,02M400
Professional Performing Arts High School,28.95294117647059,31.58823529411765,25.11764705882353,02M408
Baruch College Campus High School,26.573333333333334,31.533333333333335,19.4,02M411
N.Y.C. Lab School for Collaborative Studies,32.56666666666667,34.46666666666667,30.466666666666665,02M412
N.Y.C. Museum School,27.74375,31,23.9375,02M414
Eleanor Roosevelt High School,27.433333333333334,30.666666666666668,23.555555555555557,02M416
Millennium High School,29.211764705882352,31.352941176470587,26.41176470588235,02M418
Landmark High School,23.228571428571428,25.714285714285715,21.214285714285715,02M419
High School for Health Professions and Human Services,32.1875,34.0625,28.1875,02M420
Leadership and Public Service High School,27.973333333333333,31.866666666666667,22.666666666666668,02M425
MANHATTAN ACADEMY FOR ARTS & LANGUAGE,23.02,27,16.6,02M427
Legacy School for Integrated Studies,19.923076923076923,24.692307692307693,15.615384615384615,02M429
MURRAY HILL ACADEMY,17.075,21.75,12,02M432
HUDSON HIGH SCHOOL OF LEARNING TECHNOLOGIES,28,29,27,02M437
INTERNATIONAL HIGH SCHOOL AT UNION SQUARE,24.5,26,23,02M438
Manhattan Village Academy,21.35625,23.5,19.3125,02M439
Bayard Rustin Educational Complex,25.925,30.833333333333332,19.75,02M440
Vanguard High School,19.21666666666667,21.166666666666668,16.666666666666668,02M449
Manhattan International High School,20.311764705882354,22.470588235294116,17.176470588235293,02M459
Washington Irving High School,24.17058823529412,31.176470588235293,16.058823529411764,02M460
Stuyvesant High School,31.11578947368421,33.8421052631579,24.105263157894736,02M475
High School of Economics and Finance,27.333333333333332,32.22222222222222,20.166666666666668,02M489
Unity Center for Urban Technologies,25.042857142857144,30.714285714285715,19.285714285714285,02M500
Talent Unlimited High School,25.85,29.4375,21.0625,02M519
Murry Bergtraum High School for Business Careers,26.970588235294116,33.35294117647059,16.764705882352942,02M520
Jacqueline Kennedy Onassis High School,26.05,30.444444444444443,19.833333333333332,02M529
Repertory Company High School for Theatre Arts,23.9,25.5,21.916666666666668,02M531
Manhattan Bridges High School,23.475,26.9375,19.1875,02M542
New Design High School,22.638461538461538,24.692307692307693,20.307692307692307,02M543
Independence High School,19.45,24.214285714285715,14.285714285714286,02M544
High School for Dual Language and Asian Studies,21.81764705882353,26.294117647058822,16.58823529411765,02M545
Liberty High School Academy for Newcomers,18.607692307692307,21.615384615384617,15.153846153846153,02M550
The Urban Assembly New York Harbor School,24.013333333333332,27.333333333333332,19.733333333333334,02M551
Manhattan Comprehensive Night and Day High School,22.442857142857143,29.571428571428573,17,02M575
Richard R. Green High School of Teaching,26.08823529411765,30,21.41176470588235,02M580
Harvey Milk High School,13.622222222222222,13.777777777777779,13.555555555555555,02M586
The High School of Fashion Industries,30.608333333333334,32.75,26.916666666666668,02M600
Humanities Preparatory Academy,23.8,26.285714285714285,20.714285714285715,02M605
Chelsea Career and Technical Education High School,25.2,28.555555555555557,22.22222222222222,02M615
Norman Thomas High School,24.2,32.857142857142854,12.428571428571429,02M620
High School of Graphic Communication Arts,27.326666666666668,36.2,17.533333333333335,02M625
Art and Design High School,28.8875,33.6875,20.5625,02M630
Life Sciences Secondary School,23.92105263157895,30.526315789473685,16.68421052631579,02M655
J.H.S. 054 Booker T. Washington,31.5,32,30,03M054
P.S. 180 Hugo Newman,26.35,27,26,03M180
P.S. 241 Family Academy,15.5,18,13,03M241
M.S. M247 Dual Language Middle School,27.8,30,25,03M247
M.S. 256 Academic & Athletic Excellence,24,24,24,03M256
Manhattan Theatre Lab High School,26.527272727272727,32.09090909090909,21.272727272727273,03M283
"High School for Arts, Imagination and Inquiry",24.1375,28.3125,19.3125,03M299
"Urban Assembly School for Media Studies, The",19.807692307692307,21.46153846153846,18.53846153846154,03M307
The Anderson School,32,35,29,03M334
THE URBAN ASSEMBLY SCHOOL FOR GREEN CAREERS,10,10,10,03M402
THE GLOBAL LEARNING COLLABORATIVE,24.98,30,20,03M403
INNOVATION DIPLOMA PLUS,17.223076923076924,20.23076923076923,14.461538461538462,03M404
Wadleigh Secondary School for the Performing & Visual Arts,23.6,28.076923076923077,18.307692307692307,03M415
FRANK McCOURT HIGH SCHOOL,25,27,24,03M417
Louis D. Brandeis High School,21.86842105263158,27.210526315789473,15.421052631578947,03M470
Beacon High School,30.78333333333333,33.666666666666664,26.083333333333332,03M479
Fiorello H. LaGuardia High School of Music & Art and Performing Arts,31.306250000000002,34.25,25.125,03M485
"High School for Law, Advocacy and Community Justice",23.416666666666668,28.77777777777778,18.555555555555557,03M492
High School of Arts and Technology,28.071428571428573,31.928571428571427,21.857142857142858,03M494
Edward A. Reynolds West Side High School,21.125,27.25,16.416666666666668,03M505
Manhattan / Hunter Science High School,21.6,26.428571428571427,16.928571428571427,03M541
Special Music School,13,13,13,03M859
Frederick Douglass Academy II Secondary School,21.892857142857142,25.571428571428573,18.142857142857142,03M860
P.S. 050 Vito Marcantonio,25,25,25,04M050
ESPERANZA PREPARATORY ACADEMY,25.5,26,25,04M372
Coalition School for Social Change,21.32,26.2,16.333333333333332,04M409
Manhattan Center for Science and Mathematics,31.066666666666666,34.111111111111114,24,04M435
Park East High School,19.04,22.6,15.066666666666666,04M495
Central Park East High School,25.164285714285715,28.285714285714285,20.714285714285715,04M555
Young Women's Leadership School,25.711764705882352,27.941176470588236,23,04M610
Academy of Environmental Science Secondary High School,26.173333333333332,29.266666666666666,23.133333333333333,04M635
"Heritage School, The",20.692857142857143,25.142857142857142,16.071428571428573,04M680
Harlem Renaissance High School,17.208333333333332,19.333333333333332,15.583333333333334,05M285
I.S. M286 Renaissance Military Leadership Academy,24.3,30,18,05M286
Mott Hall High School,25.64,31,19.866666666666667,05M304
Columbia Secondary School,25.366666666666664,25.833333333333332,24.5,05M362
Academy for Social Action: A College Board School,23.43076923076923,26.692307692307693,20,05M367
Urban Assembly School for the Performing Arts,24.23846153846154,27.384615384615383,21.307692307692307,05M369
Choir Academy of Harlem,22.55,26.375,18.5625,05M469
Frederick Douglass Academy,26.68125,31.625,19.6875,05M499
Thurgood Marshall Academy for Learning and Social Change,22.993333333333332,26.066666666666666,20.333333333333332,05M670
Bread & Roses Integrated Arts High School,22.813333333333333,27.066666666666666,18,05M685
"High School for Mathematics, Science and Engineering at City College",21.68125,25.625,17.4375,05M692
J.H.S. 052 Inwood,29.25,30,28.5,06M052
P.S./I.S. 210 - Twenty-first Century Academy for Community Leadership,23,23,23,06M210
City College Academy of the Arts,23.635714285714286,27.571428571428573,18.785714285714285,06M293
M.S. 324 - Patria Mirabal,19,22,17,06M324
M.S. 326 - Writers Today & Leaders Tomorrow,26,26,26,06M326
M.S. 328 - Manhattan Middle School for Scientific Inquiry,24.9,29,21,06M328
Community Health Academy of the Heights,27.069230769230767,31.384615384615383,22.76923076923077,06M346
Washington Heights Expeditionary Learning School,28.06,31.5,23.7,06M348
High School for Excellence and Innovation,17,18,16,06M423
High School for International Business and Finance,26.0375,30.5,20.5625,06M462
High School for Media and Communications,23.36875,28.6875,17.5625,06M463
High School for Law and Public Service,24.96666666666667,31,19.055555555555557,06M467
High School for Health Careers and Sciences,27.63125,31.3125,22.4375,06M468
I.S. 528 Bea Fuller Rodgers School,29.9,31,28.5,06M528
A. Philip Randolph Campus High School,30.042105263157893,32.68421052631579,23.842105263157894,06M540
Gregorio Luperon High School for Science and Mathematics,25.430769230769233,29.53846153846154,20.846153846153847,06M552
J.H.S. 162 Lola Rodriguez De Tio,30,30,30,07X162
M.S. 203,15,15,15,07X203
South Bronx Preparatory: A College Board School,21.386666666666667,25.266666666666666,17.333333333333332,07X221
M.S. 223 The Laboratory School of Finance and Technology,29,29,29,07X223
Academy of Public Relations,21.4,27,15,07X298
Crotona Academy High School,18.141666666666666,22,14.75,07X321
International Community High School,16.2,19.5,12.357142857142858,07X334
Jill Chaifetz Transfer High School,23.815384615384616,25.615384615384617,21.846153846153847,07X379
Community School for Social Justice,22.64375,24.5,19.875,07X427
Mott Haven Village Preparatory High School,24.34285714285714,27,21.357142857142858,07X473
University Heights Secondary School,26.885714285714286,30.142857142857142,22.071428571428573,07X495
Hostos-Lincoln Academy of Science,21.355555555555554,24.166666666666668,18.77777777777778,07X500
Foreign Language Academy of Global Studies,23.2125,27,19.3125,07X520
Bronx Leadership Academy II High School,24.406666666666666,27.2,20.4,07X527
New Explorers High School,24.154545454545456,25.727272727272727,22.181818181818183,07X547
Urban Assembly School for Careers in Sports,25.538888888888888,28.27777777777778,22.666666666666668,07X548
Bronx Academy of Letters,23.12,28.533333333333335,17.733333333333334,07X551
Alfred E. Smith Career and Technical Education High School,27.3,33.07142857142857,18.928571428571427,07X600
Samuel Gompers Career and Technical Education High School,23.629411764705882,28.41176470588235,17.058823529411764,07X655
Health Opportunities High School,25.733333333333334,30.666666666666668,19.133333333333333,07X670
J.H.S. 125 Henry Hudson,24,29,16,08X125
J.H.S. 131 Albert Einstein,31.7,33,31,08X131
Bronx Studio School for Writers and Artists,27.228571428571428,30.285714285714285,24.285714285714285,08X269
Women's Academy of Excellence,22,25.666666666666668,18.133333333333333,08X282
Renaissance High School for Musical Theater & Technology,25.826666666666668,30.666666666666668,19.866666666666667,08X293
Gateway School for Environmental Research and Technology,21.7,27.470588235294116,15.529411764705882,08X295
M.S. 301 Paul L. Dunbar,26,29,21,08X301
Pablo Neruda Academy for Architecture and World Studies,19.676923076923078,22.53846153846154,16.692307692307693,08X305
Millennium Art Academy,28.15714285714286,32,22.428571428571427,08X312
Holcombe L. Rucker School of Community Research,19.688235294117646,22.941176470588236,16.235294117647058,08X332
"Antonia Pantoja Preparatory Academy, A College Board School",23.5,24,23,08X376
Herbert H. Lehman High School,27.48421052631579,32.94736842105263,15.421052631578947,08X405
BRONX BRIDGES HIGH SCHOOL,19.08,21,17.2,08X432
"Felisa Rincon de Gautier Institute for Law and Public Policy, The",24.01875,28.9375,19.4375,08X519
Banana Kelly High School,25.284615384615385,30,20.53846153846154,08X530
School for Community Research and Learning,18.5,22.133333333333333,15.4,08X540
High School X560 - Bronx Academy High School,27.583333333333332,30.083333333333332,23.583333333333332,08X560
Jane Addams High School for Academic Careers,24.483333333333334,30.25,16.666666666666668,08X650
P.S./I.S. 218 Rafael Hernandez Dual Language Magnet School,26.7,28,24,09X218
I.S. 219 New Venture School,25.35,32,14.5,09X219
Bronx Expeditionary Learning High School,22.714285714285715,28.357142857142858,17.357142857142858,09X227
Eagle Academy for Young Men,25.473333333333333,30.333333333333332,19.866666666666667,09X231
I.S. 232,25.3,31,16,09X232
"Urban Assembly Academy for History and Citizenship for Young Men, The",21.25294117647059,23.235294117647058,19.294117647058822,09X239
"Urban Assembly School for Applied Math and Science, The",21.529411764705884,25,17.823529411764707,09X241
Eximius College Preparatory Academy: A College Board School,24.607692307692307,29.384615384615383,20.384615384615383,09X250
Mott Hall Bronx High School,27.714285714285715,31.857142857142858,23.857142857142858,09X252
Bronx Center for Science and Mathematics,22.67058823529412,28.823529411764707,16.352941176470587,09X260
Validus Preparatory Academy: An Expeditionary Learning School,26.285714285714285,29.142857142857142,22.785714285714285,09X263
Leadership Institute,22.1,25.705882352941178,18,09X276
Morris Academy for Collaborative Studies,22.846666666666668,27.666666666666668,18,09X297
I.S. X303 Leadership & Community Service,19,19,19,09X303
I.S. 313 School of Leadership Development,27.05,32,24,09X313
Bronx Early College Academy for Teaching & Learning,27.9625,30,26,09X324
Urban Science Academy,25,26,24,09X325
Comprehensive Model School Project M.S. 327,25.3,29,22,09X327
DreamYard Preparatory School,22.885714285714286,28.785714285714285,15.857142857142858,09X329
Academy for Language and Technology,23.714285714285715,28,18.357142857142858,09X365
Bronx International High School,15.61111111111111,22,12.444444444444445,09X403
School for Excellence,24.3,30.2,20.9,09X404
Bronx High School of Business,23.184615384615384,29.307692307692307,17.23076923076923,09X412
Bronx High School for Medical Science,26.035714285714285,30.357142857142858,21.5,09X413
Jonathan Levin High School for Media and Communications,24.69090909090909,29.727272727272727,19.181818181818183,09X414
"Bronx School for Law, Government and Justice",27.766666666666666,31.333333333333332,23.142857142857142,09X505
Frederick Douglass Academy III Secondary School,22.95625,27.5,17.5625,09X517
Bronx Leadership Academy High School,26.86875,30.6875,22.8125,09X525
High School for Violin and Dance,22.5,24.5,20.625,09X543
J.H.S. 080 The Mosholu Parkway,25,25,25,10X080
P.S. 095 Sheila Mencher,25.4,29,19,10X095
J.H.S. 118 William W. Niles,28.1,31,27,10X118
Riverdale / Kingsbridge Academy (Middle School / High School 141),26.794117647058822,30.705882352941178,21.352941176470587,10X141
I.S. 206 Ann Mersereau,27,32,21,10X206
Bronx Engineering and Technology Academy,22.023076923076925,25.76923076923077,18.692307692307693,10X213
Theatre Arts Production Company School,25.04,26.733333333333334,23.266666666666666,10X225
"The Marie Curie School for Medicine, Nursing, and Health Professions",25.8125,32.0625,19.875,10X237
West Bronx Academy for the Future,25.042857142857144,27.928571428571427,21.357142857142858,10X243
The New School for Leadership and Journalism,23.025,24.5,21.5,10X244
I.S. 254,27.7,34,23,10X254
Kingsbridge International High School,29.62857142857143,32.42857142857143,27,10X268
Bronx School of Law and Finance,23.358823529411765,28.941176470588236,16.764705882352942,10X284
P.S. 315 Lab School,22,24,20,10X315
Providing Urban Learners Success In Education High School,16.957142857142856,22,14.571428571428571,10X319
International School for Liberal Arts,23.723076923076924,28.76923076923077,16.615384615384617,10X342
In-Tech Academy (M.S. / High School 368),26.266666666666666,30.6,20.133333333333333,10X368
Knowledge and Power Preparatory Academy International High School (Kappa),22.75,28.444444444444443,17.11111111111111,10X374
M.S. 390,29,29,29,10X390
The Angelo Patri Middle School,19,19,19,10X391
English Language Learners and International Support Preparatory Academy (ELLIS),17.94,21.4,14.5,10X397
M.S. 399,28,28,28,10X399
High School for Teaching and the Professions,20.8,24.3125,16.25,10X433
Belmont Preparatory High School,22.36,27.666666666666668,17.133333333333333,10X434
Fordham High School for the Arts,22.888235294117646,26.470588235294116,18.823529411764707,10X437
Fordham Leadership Academy for Business and Technology,21.35625,25,17.4375,10X438
Bronx High School for Law and Community Service,21.729411764705883,25.58823529411765,16.88235294117647,10X439
DeWitt Clinton High School,26.05263157894737,32.31578947368421,14.631578947368421,10X440
"Celia Cruz Bronx High School of Music, The",23.261111111111113,26.666666666666668,19.38888888888889,10X442
Bronx High School of Science,31.16315789473684,34.21052631578947,23.36842105263158,10X445
EAST FORDHAM ACADEMY FOR THE ARTS,28.2,32,25,10X459
John F. Kennedy High School,25.19375,29.875,18.5,10X475
Marble Hill High School for International Studies,23.158823529411766,28.11764705882353,16.235294117647058,10X477
Bronx Theatre High School,24.123076923076923,31.076923076923077,17.23076923076923,10X546
Discovery High School,23.853846153846153,29.615384615384617,17.76923076923077,10X549
Grace Dodge Career and Technical Education High School,25.35,31,15.6875,10X660
High School of American Studies at Lehman College,22.189473684210526,25.42105263157895,18.42105263157895,10X696
P.S. 083 Donald Hertz,31.3,33,29,11X083
M.S. 180 Dr. Daniel Hale Williams,14.3,15,14,11X180
Bronx Health Sciences High School,22.67142857142857,29.214285714285715,16.642857142857142,11X249
Bronx High School for Writing and Communication Arts,23.66,29.2,17.666666666666668,11X253
Bronx Lab School,22.07857142857143,25.785714285714285,18.142857142857142,11X265
Academy for Scholarship and Entrepreneurship: A College Board School,28.15714285714286,32.357142857142854,24.714285714285715,11X270
High School of Computers and Technology,28.3,31.9,23.8,11X275
Collegiate Institute for Math and Science,24.11764705882353,29.11764705882353,18.529411764705884,11X288
Bronx Academy of Health Careers,27.10625,31.8125,22.1875,11X290
Astor Collegiate Academy,24.193333333333335,29.666666666666668,19,11X299
Aspire Preparatory Middle School,31.1,33,30,11X322
Bronx Green Middle School,28,28.5,27.5,11X326
School of Diplomacy,31,31,31,11X370
Christopher Columbus High School,27.294117647058822,31.235294117647058,21.647058823529413,11X415
Bronx High School for the Visual Arts,26.96470588235294,29.058823529411764,24.941176470588236,11X418
Harry S Truman High School,28.544444444444444,34.333333333333336,16.166666666666668,11X455
New World High School,21.71666666666667,25.5,17,11X513
The Bronxwood Preparatory Academy,22.9875,27,18.375,11X514
Global Enterprise High School,21.2875,25.1875,17.0625,11X541
Pelham Preparatory Academy,27.45294117647059,31.647058823529413,22.176470588235293,11X542
High School for Contemporary Arts,25.623529411764707,30.470588235294116,20.529411764705884,11X544
Bronx Aerospace High School,20.773684210526316,25.789473684210527,16.894736842105264,11X545
P.S. 211,27.7,29,25,12X211
P.S. 212,12,12,12,12X212
Mott Hall V,24.9,27,22.8,12X242
New Day Academy,20.45,22.642857142857142,18.428571428571427,12X245
"Metropolitan High School, The",23.29230769230769,25.46153846153846,20.615384615384617,12X248
Explorations Academy,21.15625,23.8125,18.5,12X251
Performance Conservatory High School,25.915384615384614,30.153846153846153,21.76923076923077,12X262
Bronx Latin,21.7,26.071428571428573,17.5,12X267
East Bronx Academy for the Future,26.978571428571428,30.785714285714285,22.214285714285715,12X271
Peace and Diversity Academy,21.042105263157893,22.210526315789473,19.94736842105263,12X278
Fannie Lou Hamer Middle School,23.75,24.5,23,12X286
Urban Assembly School for Wildlife Conservation,20.05,21,19.166666666666668,12X372
Entrada Academy,31,31,31,12X384
Pan American International High School at Monroe,15.361538461538462,18.076923076923077,13.23076923076923,12X388
THE CINEMA SCHOOL,22.69090909090909,25,18.727272727272727,12X478
BRONX CAREER AND COLLEGE PREPARATORY HIGH SCHOOL,21.942857142857143,24.142857142857142,18.857142857142858,12X479
Bronx Regional High School,27.283333333333335,31.833333333333332,22.833333333333332,12X480
High School of World Cultures,23.166666666666668,28.733333333333334,17.933333333333334,12X550
Bronx Coalition Community High School,13.375,13.5,13.25,12X680
Fannie Lou Hamer Freedom High School,22.466666666666665,25.416666666666668,18.75,12X682
Wings Academy,24.54705882352941,29.764705882352942,19.11764705882353,12X684
Monroe Academy for Business/Law,22.906666666666666,27.8,18.2,12X690
Monroe Academy for Visual Arts & Design,22.2,30.181818181818183,16.454545454545453,12X692
M.S. 113 Ronald Edmonds Learning Center,26.733333333333334,29,23.666666666666668,13K113
Dr. Susan S. McKinney Secondary School of the Arts,21.44375,25.5,16.6875,13K265
Academy of Business and Community Development,21.2875,21.625,20.875,13K336
Urban Assembly High School of Music and Art at Water's Edge,22.16923076923077,28.53846153846154,18.846153846153847,13K350
"Brooklyn Community High School of Communication, Arts and Media",25.2,28.866666666666667,20.666666666666668,13K412
Science Skills Center High School at Water's Edge,27.16111111111111,32.22222222222222,20.11111111111111,13K419
Brooklyn Technical High School,32.45263157894737,33.94736842105263,28.57894736842105,13K430
Brooklyn International High School at Water's Edge,19.585714285714285,21.357142857142858,17.214285714285715,13K439
The Urban Assembly School for Law and Justice,22.22142857142857,26.357142857142858,17.5,13K483
ACORN Community High School,27.153333333333332,32.06666666666667,20.266666666666666,13K499
Freedom Academy High School,23.335714285714285,27.857142857142858,19.5,13K509
Urban Assembly Institute of Math and Science for Young Women,24.9,25.666666666666668,23.666666666666668,13K527
Brooklyn Academy High School,22.463636363636365,25.363636363636363,20,13K553
Bedford Stuyvesant Preparatory High School,18.191666666666666,20.916666666666668,16.083333333333332,13K575
Bedford Academy High School,21.79375,25.4375,17.5625,13K595
Knowledge and Power Preparatory Academy VII Middle School,20,20,20,13K596
George Westinghouse Career and Technical Education High School,26.7375,32.4375,19.875,13K605
Brooklyn High School for Leadership and Community Service,18.383333333333333,21.5,15.5,13K616
Benjamin Banneker Academy,27.894736842105264,31.842105263157894,21.05263157894737,13K670
"CITY POLYTECHNIC HIGH SCHOOL OF ENGINEERING, ARCHITECTURE, AND TECHNOLOGY",21.37,28.5,13.1,13K674
J.H.S. 050 John D. Wells,29.3,31,27,14K050
Juan Morel Campos Secondary School,30.05,32.285714285714285,26.5,14K071
John Ericsson Middle School 126,23,28,18,14K126
Foundations Academy,20.6,22.833333333333332,18.5,14K322
Academy for Young Writers,22.53076923076923,26.615384615384617,17.846153846153847,14K404
"Brooklyn Latin School, The",23.26,28.533333333333335,17,14K449
Green School: An Academy for Environmental Careers,23.661538461538463,27.153846153846153,19.53846153846154,14K454
PROGRESS High School for Professional Careers,25.8375,30.9375,18.75,14K474
School for Legal Studies,27.433333333333334,32.13333333333333,21.666666666666668,14K477
"The High School for Enterprise, Business and Technology",29.36111111111111,40.94444444444444,17.944444444444443,14K478
Brooklyn Preparatory High School,23.406666666666666,26.266666666666666,20,14K488
Williamsburg High School for Architecture and Design,25.361538461538462,29.076923076923077,21.23076923076923,14K558
Williamsburg Preparatory School,25.38888888888889,29.555555555555557,20.555555555555557,14K561
Lyons Community School,20.7625,25.375,16.875,14K586
Automotive High School,25.56,30.066666666666666,19.333333333333332,14K610
Young Women's Leadership School of Brooklyn,21,21,21,14K614
Frances Perkins Academy,17.3375,19.75,15,14K632
El Puente Academy for Peace and Justice,22.3375,24.25,20.875,14K685
I.S. 136 Charles O. Dewey,21,21,21,15K136
Brooklyn School for Global Studies,25.257142857142856,28.928571428571427,21,15K429
New Voices School of Academic & Creative Arts,30.5,31,30,15K443
Brooklyn Secondary School for Collaborative Studies,23.1,26.466666666666665,19.8,15K448
Secondary School for Law,25.9,30.764705882352942,20,15K462
Secondary School for Journalism,23.77857142857143,27.714285714285715,19,15K463
Secondary School for Research,26.7375,28.6875,24.4375,15K464
School for International Studies,23.526666666666667,27.466666666666665,19.466666666666665,15K497
Cobble Hill School of American Studies,26.88235294117647,31.235294117647058,21.529411764705884,15K519
Pacific High School,19.93846153846154,24,15.538461538461538,15K520
West Brooklyn Community High School,16.17,19.4,12.9,15K529
Metropolitan Corporate Academy High School,22.16470588235294,27.352941176470587,17.176470588235293,15K530
Brooklyn High School of the Arts,26.775,31.875,18.875,15K656
SUNSET PARK HIGH SCHOOL,26.855555555555554,30.444444444444443,24,15K667
South Brooklyn Community High School,19.11,22.3,16.5,15K698
J.H.S. 057 Whitelaw Reid,18.3,19,17.5,16K057
P.S. 308 Clara Cardwell,27.1,45,19,16K308
Frederick Douglass Academy IV Secondary School,22.307692307692307,28,16.23076923076923,16K393
Boys and Girls High School,26.513333333333332,34.4,16.466666666666665,16K455
ACORN High School for Social Justice,26.64,29.333333333333332,22.333333333333332,16K498
The Brooklyn Academy of Global Finance,21.475,25.5,17.25,16K688
M.S. 002,19,20,18,17K002
M.S. 061 Dr. Gladstone H. Atwell,28.5,29,28,17K061
P.S. 181 Brooklyn,30,32,28,17K181
I.S. 340,26.1,30,20,17K340
Elijah Stroud Middle School,18,19.5,16,17K353
The School of Integrated Learning,21,21,21,17K354
Academy for College Preparation and Career Exploration: A College Board School,24.813333333333333,28.8,21.4,17K382
M.S. K394,28.5,29,28,17K394
Academy of Hospitality and Tourism,25.141666666666666,30.833333333333332,18.833333333333332,17K408
W.E.B. Dubois Academic High School,22.33,26.5,16.6,17K489
International High School at Prospect Heights,23.792307692307695,26,20.46153846153846,17K524
The High School for Global Citizenship,26.39375,30.3125,20.25,17K528
"School for Human Rights, The",30.9375,32.5625,29.125,17K531
School for Democracy and Leadership,23.242857142857144,26.357142857142858,19.857142857142858,17K533
High School for Youth and Community Development at Erasmus,23.02,27.533333333333335,17.733333333333334,17K537
High School for Service & Learning at Erasmus,27.873333333333335,31.733333333333334,22.8,17K539
"Science, Technology and Research Early College High School at Erasmus",23.09285714285714,28,17.642857142857142,17K543
International Arts Business School,22.54,27.8,16.266666666666666,17K544
High School for Public Service: Heroes of Tomorrow,23.116666666666667,26.11111111111111,19,17K546
Brooklyn Academy of Science and the Environment,21.385714285714286,25.142857142857142,16.357142857142858,17K547
Brooklyn School for Music & Theatre,26.0875,30.0625,21.125,17K548
Brownsville Academy High School,17.754545454545454,22.636363636363637,13.727272727272727,17K568
Middle School for the Arts,28.633333333333333,31.666666666666668,25,17K587
Medgar Evers College Preparatory School,27.576470588235296,36.1764705882353,18.11764705882353,17K590
Clara Barton High School,29.25,35.05555555555556,21.27777777777778,17K600
Paul Robeson High School,24.88125,28.8125,19.5625,17K625
I.S. 068 Isaac Bildersee,27.4,30,19,18K068
I.S. 211 John Wilson,26.5,30,24,18K211
I.S. 285 Meyer Levin,25.075,25.75,24.25,18K285
Canarsie High School,21.38888888888889,24.444444444444443,17.88888888888889,18K500
It Takes a Village Academy,20.83157894736842,27.57894736842105,15.631578947368421,18K563
Brooklyn Generation School,19.933333333333334,22.583333333333332,17.416666666666668,18K566
Brooklyn Theatre Arts High School,26.066666666666666,28.2,23.133333333333333,18K567
Kurt Hahn Expeditionary Learning School,26.125,28.5,23.0625,18K569
Victory Collegiate High School,25.01111111111111,28.22222222222222,22.333333333333332,18K576
Brooklyn Bridge Academy,16.9375,21,13.5,18K578
Middle School for Art and Philosophy,15,15,15,18K588
Arts & Media Preparatory Academy,20.05,21.785714285714285,18.285714285714285,18K589
High School for Innovation in Advertising and Media,19.625,25.083333333333332,14.583333333333334,18K617
Cultural Academy for the Arts and Sciences,18.37272727272727,21.454545454545453,15.454545454545455,18K629
High School for Medical Professions,26.95,30.8125,23.0625,18K633
Olympus Academy,14.9,17.4,13,18K635
Academy for Conservation and the Environment,19.6,22.333333333333332,17,18K637
Urban Action Academy,20.5625,23.375,17,18K642
EAST BROOKLYN COMMUNITY HIGH SCHOOL,18.8,18.8,18.8,18K673
P.S. 089 Cypress Hills,15.5,17,14,19K089
J.H.S. 166 George Gershwin,18,18,18,19K166
J.H.S. 218 James P. Sinnott,37.75,38,37.5,19K218
J.H.S. 292 Margaret S. Douglas,38.3,59,24,19K292
I.S. 364 Gateway,28.9,30,25,19K364
East New York Family Academy,19.121052631578948,20.894736842105264,17.263157894736842,19K409
Franklin K. Lane High School,19.542857142857144,22.357142857142858,17.142857142857142,19K420
FDNY High School for Fire and Life Safety,23.52,28.266666666666666,18.333333333333332,19K502
High School for Civil Rights,26.166666666666668,30.066666666666666,22.4,19K504
Performing Arts and Technology High School,24.614285714285714,28.928571428571427,17.571428571428573,19K507
World Academy for Total Community Health High School,23.99375,29.125,19.0625,19K510
Multicultural High School,23.808333333333334,27.666666666666668,19.5,19K583
Transit Tech Career and Technical Education High School,26.97142857142857,31.428571428571427,21.142857142857142,19K615
Academy of Innovative Technology,23.318181818181817,27.727272727272727,19.09090909090909,19K618
Brooklyn Lab School,25.29230769230769,26.76923076923077,23.307692307692307,19K639
Cypress Hills Collegiate Preparatory School,23.847058823529412,26.176470588235293,22.058823529411764,19K659
W. H. Maxwell Career and Technical Education High School,25.27857142857143,31.571428571428573,17.071428571428573,19K660
"THE SCHOOL FOR CLASSICS: AN ACADEMY OF THINKERS, WRITERS AND PERFORMERS",25.84166666666667,29.166666666666668,22.25,19K683
ACADEMY FOR HEALTH CAREERS,19.6,22,16,19K751
I.S. 30 Mary White Ovington,29.5,30,29,20K030
J.H.S. 062 Ditmas,26.3,29,22,20K062
The Christa McAuliffe School\I.S. 187,28.6,30,27,20K187
J.H.S. 223 The Montauk,19,19,19,20K223
New Utrecht High School,27.88421052631579,34.78947368421053,16.473684210526315,20K445
High School of Telecommunication Arts and Technology,30.433333333333334,34.27777777777778,23.055555555555557,20K485
Fort Hamilton High School,28.31,32.9,17.7,20K490
Franklin Delano Roosevelt High School,27.914285714285715,31.761904761904763,20.428571428571427,20K505
Urban Assembly School for Criminal Justice,12.575,15,10.75,20K609
I.S. 096 Seth Low,24.6,29.666666666666668,19.666666666666668,21K096
P.S. 209 Margaret Mead,25.2,34,16,21K209
I.S. 228 David A. Boody,12.4,14,10,21K228
P.S. 238 Anne Sullivan,21,21,21,21K238
Mark Twain I.S. 239 for the Gifted & Talented,33.15,39,26.25,21K239
P.S. 288 The Shirley Tanyhill,18.8,22,16,21K288
I.S. 303 Herbert S. Eisenberg,30.85,33.5,26.5,21K303
International High School at Lafayette,17.206666666666667,18.866666666666667,15.933333333333334,21K337
Rachel Carson High School for Coastal Studies,25.923529411764704,30.352941176470587,19.941176470588236,21K344
High School of Sports Management,26.392857142857142,28.214285714285715,24.642857142857142,21K348
Abraham Lincoln High School,27.66842105263158,34.1578947368421,17.31578947368421,21K410
Kingsborough Early College School,24.63,27.1,22.4,21K468
Edward R. Murrow High School,30.315,34.4,19.8,21K525
John Dewey High School,28.37,35.1,18.4,21K540
Life Academy High School for Film and Music,24.25,24.833333333333332,23.666666666666668,21K559
Expeditionary Learning School for Community Leaders,21.15714285714286,23.071428571428573,18.5,21K572
William E. Grady Career and Technical Education High School,25.629411764705882,30.58823529411765,19.764705882352942,21K620
Brooklyn Studio Secondary School,26.58421052631579,31.05263157894737,21.473684210526315,21K690
Liberation Diploma Plus,15.4,17,13.714285714285714,21K728
J.H.S. 014 Shell Bank,23.6,27.5,20,22K014
J.H.S. 078 Roy H. Mann,27,27,27,22K078
P.S. 206 Joseph F Lamb,23,23,23,22K206
P.S. 207 Elizabeth G. Leary,27,27,27,22K207
J.H.S. 278 Marine Park,21.5,24.5,17.5,22K278
Midwood High School,31.963157894736842,34.421052631578945,22.42105263157895,22K405
James Madison High School,30.494444444444444,33.55555555555556,22.5,22K425
Sheepshead Bay High School,26.14,31.75,17.25,22K495
Leon M. Goldstein High School for the Sciences,31.58235294117647,33.705882352941174,26.705882352941178,22K535
Brooklyn College Academy,26.270588235294117,32.1764705882353,18.41176470588235,22K555
P.S. 041 Francis White,27.1,33,19,23K041
Brooklyn Collegiate: A College Board School,24.79285714285714,30.357142857142858,18.214285714285715,23K493
Frederick Douglass Academy VII High School,23,25.8125,19.625,23K514
Mott Hall IV,29,29,29,23K522
EBC/ENY High School for Public Safety & Law,19.825,24,14.75,23K645
Aspirations Diploma Plus High School,18.955555555555556,21.11111111111111,16.555555555555557,23K646
Metropolitan Diploma Plus High School,21.35,23.125,19.125,23K647
Teachers Preparatory High School,25.10625,30.8125,18.125,23K697
I.S. 077,28,28,28,24Q077
I.S. 093 Ridgewood,28.25,29.5,27,24Q093
I.S. 119 The Glendale,26.866666666666667,29.333333333333332,23.333333333333332,24Q119
Academy of Finance and Enterprise,24.305882352941175,30.529411764705884,18.88235294117647,24Q264
High School of Applied Communication,22.076470588235296,27.176470588235293,17.235294117647058,24Q267
Civic Leadership Academy,23.35,27.357142857142858,19.142857142857142,24Q293
Pan American International High School,19.726666666666667,23.933333333333334,16.266666666666666,24Q296
Bard High School Early College II,20.47142857142857,24,16.071428571428573,24Q299
Newtown High School,27.31111111111111,32.888888888888886,19.38888888888889,24Q455
Grover Cleveland High School,26.985,33.1,20.2,24Q485
Middle College High School at LaGuardia Community College,18.5,20.76923076923077,16.153846153846153,24Q520
International High School at LaGuardia Community College,17.00769230769231,20.46153846153846,14.307692307692308,24Q530
High School for Arts and Business,27.405555555555555,31.77777777777778,19.77777777777778,24Q550
"Robert F. Wagner, Jr. Secondary School for Arts and Technology",26.5,28.705882352941178,24.41176470588235,24Q560
Queens Vocational and Technical High School,28.45625,33.625,20.0625,24Q600
Aviation Career & Technical Education High School,28.16111111111111,32.94444444444444,19.444444444444443,24Q610
J.H.S. 189 Daniel Carter Beard,30.95,32.5,30,25Q189
J.H.S. 194 William Carr,26,26,26,25Q194
"Queens School of Inquiry, The",24.586666666666666,28.333333333333332,21.133333333333333,25Q252
Flushing International High School,19.192307692307693,27.076923076923077,14.846153846153847,25Q263
East-West School of International Studies,28.933333333333334,32.46666666666667,25.666666666666668,25Q281
World Journalism Preparatory: A College Board School,25.04736842105263,28.05263157894737,21.94736842105263,25Q285
John Bowne High School,29.385,34,18.4,25Q425
Flushing High School,30.026315789473685,34.526315789473685,19.68421052631579,25Q460
Townsend Harris High School,29.3625,33.125,22.75,25Q525
Queens Academy High School,24.21,31.1,16.3,25Q540
Robert F. Kennedy Community High School,30.316666666666666,33.388888888888886,25.27777777777778,25Q670
North Queens Community High School,19.86875,23.75,15.875,25Q792
J.H.S. 067 Louis Pasteur,28.7,32,26,26Q067
M.S. 158 Marie Curie,29.975,30.5,29,26Q158
Irwin Altman Middle School 172,29.325,30.25,28.75,26Q172
Benjamin N. Cardozo High School,31.105263157894736,33.89473684210526,19.05263157894737,26Q415
Francis Lewis High School,30.236842105263158,34.26315789473684,17.36842105263158,26Q430
Martin Van Buren High School,27.125,32.95,17,26Q435
Bayside High School,32.40526315789474,34.05263157894737,25.157894736842106,26Q495
"Queens High School of Teaching, Liberal Arts and the Sciences",28.983333333333334,32.611111111111114,23,26Q566
P.S. 043,27.5,28,27,27Q043
M.S. 137 America's School of Heroes,38.65,45.5,35,27Q137
P.S. 183 Dr. Richard R. Green,27.5,30,25,27Q183
J.H.S. 202 Robert H. Goddard,34.3,35,33,27Q202
P.S. 207 Rockwood Park,22,22,22,27Q207
J.H.S. 210 Elizabeth Blackwell,25.05,26,22,27Q210
P.S. 232 Lindenwood,34,34,34,27Q232
Frederick Douglass Academy VI High School,24.564285714285713,29,18.142857142857142,27Q260
Channel View School for Research,26.38235294117647,30.058823529411764,21.470588235294116,27Q262
Knowledge and Power Preparatory Academy VI,28.6,32,27,27Q282
"Queens High School for Information, Research, and Technology",23.276923076923076,27.76923076923077,18.23076923076923,27Q302
Robert H. Goddard High School of Communication Arts and Technology,30.116666666666667,32.388888888888886,28.166666666666668,27Q308
Academy of Medical Technology: A College Board School,23.327272727272728,26.727272727272727,19.454545454545453,27Q309
Scholars' Academy,25.93846153846154,30.46153846153846,19.692307692307693,27Q323
ROCKAWAY PARK HIGH SCHOOL FOR ENVIRONMENTAL SUSTAINABILITY,24.3,25.8,22.6,27Q324
August Martin High School,28.77777777777778,33.666666666666664,22.27777777777778,27Q400
Beach Channel High School,29.41578947368421,32.21052631578947,24.157894736842106,27Q410
Richmond Hill High School,29.95,33.388888888888886,21.833333333333332,27Q475
John Adams High School,27.31578947368421,34.68421052631579,17.894736842105264,27Q480
"High School for Construction Trades, Engineering and Architecture",26.847058823529412,31.235294117647058,20.41176470588235,27Q650
J.H.S. 008 Richard S. Grossley,27.1,29,25,28Q008
J.H.S. 157 Stephen A. Halsey,17.3,19.4,14.4,28Q157
J.H.S. 190 Russell Sage,19.5,19.5,19.5,28Q190
J.H.S. 217 Robert A. Van Wyck,20,20,20,28Q217
York Early College Academy,25.10909090909091,28.545454545454547,21.727272727272727,28Q284
Queens Collegiate: A College Board School,22.52857142857143,25.857142857142858,19.214285714285715,28Q310
HILLSIDE ARTS & LETTERS ACADEMY,22.75,24.25,21.25,28Q325
HIGH SCHOOL FOR COMMUNITY LEADERSHIP,21.94,24.2,18.4,28Q328
Queens Satellite High School for Opportunity,27.553846153846155,31.076923076923077,22.615384615384617,28Q338
Forest Hills High School,31.205882352941178,35.588235294117645,19.294117647058822,28Q440
Jamaica High School,25.457894736842107,31.473684210526315,16.31578947368421,28Q470
Hillcrest High School,28.885714285714286,31.928571428571427,21.714285714285715,28Q505
Thomas A. Edison Career and Technical Education High School,29.616666666666667,32.833333333333336,20.333333333333332,28Q620
Queens Gateway to Health Sciences Secondary School,27.61111111111111,31.444444444444443,21.61111111111111,28Q680
QUEENS METROPOLITAN HIGH SCHOOL,29.55,30.5,27.5,28Q686
Queens High School for the Sciences at York College,26.006666666666668,31.266666666666666,20.4,28Q687
High School for Law Enforcement and Public Safety,29.34375,32.75,25.375,28Q690
"Young Women's Leadership School, Queens",21.87142857142857,26.928571428571427,16.428571428571427,28Q896
I.S. 059 Springfield Gardens,26.2,34,18,29Q059
Jean Nuzzi Intermediate School,21.5,21.5,21.5,29Q109
PS/IS 116 William C. Hughley,19.9,22,17.5,29Q116
I.S. 238 Susan B Anthony,23,24,21.666666666666668,29Q238
Queens Preparatory Academy,25.653333333333332,28.866666666666667,22.2,29Q248
Pathways College Preparatory School: A College Board School,25.775,29.666666666666668,21.666666666666668,29Q259
Excelsior Preparatory High School,25.27777777777778,28.88888888888889,21.944444444444443,29Q265
George Washington Carver High School for the Sciences,28.26875,32.5,21.6875,29Q272
Preparatory Academy for Writers: A College Board School,23.8375,26.5,21,29Q283
P.S./I.S. 295,18,18,18,29Q295
CAMBRIA HEIGHTS ACADEMY,22.3,23.2,21.4,29Q326
"Mathematics, Science Research and Technology Magnet High School",23.525,28.375,17.375,29Q492
"Law, Government and Community Service High School",28.158823529411766,31.529411764705884,24.058823529411764,29Q494
"Business, Computer Applications & Entrepreneurship High School",31.666666666666668,34.93333333333333,27.866666666666667,29Q496
Humanities & Arts Magnet High School,28.20769230769231,31.384615384615383,24,29Q498
P.S. 122 Mamie Fay,26.3,27,26,30Q122
Albert Shanker School for Visual and Performing Arts,14.2,16,12,30Q126
I.S. 227 Louis Armstrong,14.7,18,12,30Q227
I.S. 230,32,32,32,30Q230
Academy for New Americans,23,34,14,30Q235
"Young Women's Leadership School, Astoria",21.571428571428573,23,20.285714285714285,30Q286
Academy for Careers in Television and Film,22.363636363636363,25.454545454545453,17.272727272727273,30Q301
William Cullen Bryant High School,29.25,34.5,18.25,30Q445
Long Island City High School,25,31.94736842105263,14.263157894736842,30Q450
Frank Sinatra School of the Arts High School,27.88,33.53333333333333,20.533333333333335,30Q501
Information Technology High School,26.83529411764706,31.352941176470587,19.529411764705884,30Q502
Newcomers High School,26.976470588235294,30.823529411764707,20,30Q555
Academy of American Studies,31.094736842105263,34.1578947368421,26.36842105263158,30Q575
Baccalaureate School for Global Education,20.46923076923077,23.076923076923077,17.307692307692307,30Q580
I.S. 007 Elias Bernstein,34.2,34.75,32.75,31R007
I.S. 027 Anning S. Prall,28,32,23,31R027
I.S. 034 Tottenville,27.5,28,27,31R034
CSI High School for International Studies,25.66875,30.0625,20.125,31R047
I.S. 49 Berta A. Dreyfus,23,25.5,19.5,31R049
I.S. 061 William A Morris,25.5,28,23,31R061
Marsh Avenue School for Expeditionary Learning,11,11,11,31R063
Gaynor McCown Expeditionary Learning School,24.35,28.5,20.25,31R064
I.S. 075 Frank D. Paulo,29.7,30,29,31R075
The Michael J. Petrides School,30.272222222222222,34.44444444444444,24.61111111111111,31R080
New Dorp High School,28.2,34.55555555555556,17,31R440
Port Richmond High School,28.07894736842105,33.10526315789474,17.736842105263158,31R445
Curtis High School,27.311764705882354,33.88235294117647,16.176470588235293,31R450
Tottenville High School,30.2,34.05263157894737,21.894736842105264,31R455
Susan E. Wagner High School,29.24736842105263,34.21052631578947,18,31R460
Concord High School,22.114285714285714,26,19.428571428571427,31R470
Ralph R. McKee Career and Technical Education High School,28.28,31.866666666666667,22.866666666666667,31R600
Staten Island Technical High School,29.58823529411765,33.1764705882353,21.294117647058822,31R605
J.H.S. 162 The Willoughby,25.8,30,20,32K162
P.S. 377 Alejandrina B. De Gautier,31,32,30,32K377
J.H.S. 383 Philippa Schuyler,26.733333333333334,30.333333333333332,24.833333333333332,32K383
Academy for Environmental Leadership,22.40625,26.875,18.4375,32K403
EBC High School for Public Service–Bushwick,22.958823529411767,28.529411764705884,16.294117647058822,32K545
Bushwick School for Social Justice,22.76,25.866666666666667,19.866666666666667,32K549
Academy of Urban Planning,23.9,28,19.9375,32K552
All City Leadership Secondary School,17.79375,21.625,14.75,32K554
Bushwick Leaders High School for Academic Excellence,25.06,30,18.333333333333332,32K556
Bushwick Community High School,24.964285714285715,28.571428571428573,20.071428571428573,32K564
