DBN,school_name,Location 1
17K548,Brooklyn School for Music & Theatre,"883 Classon Avenue
Brooklyn, NY 11225
(40.67029890700047, -73.96164787599963)"
09X543,High School for Violin and Dance,"1110 Boston Road
Bronx, NY 10456
(40.8276026690005, -73.90447525699966)"
09X327,Comprehensive Model School Project M.S. 327,"1501 Jerome Avenue
Bronx, NY 10452
(40.842414068000494, -73.91616158599965)"
02M280,Manhattan Early College School for Advertising,"411 Pearl Street
New York, NY 10038
(40.71067947100045, -74.00080702099967)"
28Q680,Queens Gateway to Health Sciences Secondary School,"160-20 Goethals Avenue
Jamaica, NY 11432
(40.718810094000446, -73.80650045499965)"
08X348,Schuylerville Preparatory High School,"3000 East Tremont Avenue
Bronx, NY 10461
(40.840513977000455, -73.83812095999963)"
14K474,PROGRESS High School for Professional Careers,"850 Grand Street
Brooklyn, NY 11211
(40.71196311300048, -73.94043436699963)"
02M420,High School for Health Professions and Human Services,"345 East 15Th Street
New York, NY 10003
(40.73248537800049, -73.98305338799963)"
28Q350,Jamaica Gateway to the Sciences,"167-01 Gothic Drive
Jamaica, NY 11432
(40.713577459000476, -73.79651782499963)"
29Q313,Benjamin Franklin High School for Finance & Information Technology,"207-01 116th Avenue
Cambria Heights, NY 11411
(40.6978073300005, -73.74585775499963)"
12X271,East Bronx Academy for the Future,"1716 Southern Boulevard
Bronx, NY 10460
(40.83695342600049, -73.88796175799968)"
02M520,Murry Bergtraum High School for Business Careers,"411 Pearl Street
New York, NY 10038
(40.71067947100045, -74.00080702099967)"
06M211,Inwood Early College for Health and Information Technologies,"650 Academy Street
New York, NY 10002
(40.86604554900049, -73.92485664199967)"
24Q600,Queens Vocational and Technical High School,"37-02 47 Avenue
Long Island City, NY 11101
(40.74218869400045, -73.92824329199965)"
10X368,In-Tech Academy (M.S. / High School 368),"2975 Tibbett Avenue
Bronx, NY 10463
(40.88005009300048, -73.90920904799964)"
06M348,Washington Heights Expeditionary Learning School,"511 West 182Nd Street
New York, NY 10033
(40.84887878800049, -73.93080651699967)"
18K629,Cultural Academy for the Arts and Sciences,"5800 Tilden Avenue
Brooklyn, NY 11203
(40.64866366300049, -73.92189876199967)"
03M299,"High School for Arts, Imagination and Inquiry","122 Amsterdam Avenue
New York, NY 10023
(40.77429641100048, -73.98482270099964)"
07X520,Foreign Language Academy of Global Studies,"470 Jackson Avenue
Bronx, NY 10455
(40.81113885600047, -73.90978712699967)"
08X312,Millennium Art Academy,"1980 Lafayette Avenue
Bronx, NY 10473
(40.82230376500047, -73.85596138999966)"
08X293,Renaissance High School for Musical Theater & Technology,"3000 East Tremont Avenue
Bronx, NY 10461
(40.840513977000455, -73.83812095999963)"
13K419,"Science Skills Center High School for Science, Technology and the Creative Arts","49 Flatbush Avenue Extension
Brooklyn, NY 11201
(40.69717472700046, -73.98495968899965)"
31R460,Susan E. Wagner High School,"1200 Manor Road
Staten Island, NY 10314
(40.59865238600048, -74.12310475899966)"
28Q328,High School for Community Leadership,"167-01 Gothic Drive
Jamaica, NY 11432
(40.713577459000476, -73.79651782499963)"
05M362,Columbia Secondary School,"425 West 123 Street
New York, NY 10027
(40.81091785300049, -73.95692738699967)"
10X243,West Bronx Academy for the Future,"500 East Fordham Road
Bronx, NY 10458
(40.86001222100049, -73.88822960399966)"
03M307,"Urban Assembly School for Media Studies, The","122 Amsterdam Avenue
New York, NY 10023
(40.77429641100048, -73.98482270099964)"
20K609,Urban Assembly School for Criminal Justice,"4200 16 Avenue
Brooklyn, NY 11204
(40.63490809500047, -73.98151907699963)"
28Q284,York Early College Academy,"108-35 167 Street
Jamaica, NY 11433
(40.69693735800047, -73.78698154099965)"
21K348,High School of Sports Management,"2630 Benson Avenue
Brooklyn, NY 11214
(40.59359381100046, -73.98472923199967)"
15K463,Secondary School for Journalism,"237 7 Avenue
Brooklyn, NY 11215
(40.66959817500049, -73.97925552199968)"
31R605,Staten Island Technical High School,"485 Clawson Street
Staten Island, NY 10306
(40.567913003000456, -74.11536224299965)"
17K543,"Science, Technology and Research Early College High School at Erasmus","911 Flatbush Avenue
Brooklyn, NY 11226
(40.64943967500045, -73.95843119799963)"
02M393,BUSINESS OF SPORTS SCHOOL,"439 West 49Th Street
New York, NY 10019
(40.763361732000476, -73.99050909099964)"
21K690,Brooklyn Studio Secondary School,"8310 21St Avenue
Brooklyn, NY 11214
(40.6048770000005, -73.99441715399968)"
01M539,"New Explorations into Science, Technology and Math High School","111 Columbia Street
New York, NY 10002
(40.718725451000466, -73.97942638599966)"
12X388,Pan American International High School at Monroe,"1300 Boynton Avenue
Bronx, NY 10472
(40.83136649000045, -73.87882327699964)"
07X522,Bronx Design and Construction Academy,"333 East 151 Street
Bronx, NY 10451
(40.81824688900048, -73.91973567799965)"
22K535,Leon M. Goldstein High School for the Sciences,"1830 Shore Boulevard
Brooklyn, NY 11235
(40.5808471360005, -73.93608856899965)"
10X284,Bronx School of Law and Finance,"99 Terrace View Avenue
Bronx, NY 10463
(40.87704944300049, -73.91233659899967)"
04M680,"Heritage School, The","1680 Lexington Avenue
New York, NY 10029
(40.79187961800045, -73.94658639999966)"
17K382,Academy for College Preparation and Career Exploration: A College Board School,"911 Flatbush Avenue
Brooklyn, NY 11226
(40.64943967500045, -73.95843119799963)"
09X403,Bronx International High School,"1110 Boston Road
Bronx, NY 10456
(40.8276026690005, -73.90447525699966)"
08X559,School for Tourism and Hospitality,"900 Tinton Avenue
Bronx, NY 10456
(40.82188734100049, -73.90343805499964)"
02M294,Essex Street Academy,"350 Grand Street
New York, NY 10002
(40.71686722400045, -73.98953194299963)"
03M415,Wadleigh Secondary School for the Performing & Visual Arts,"215 West 114 Street
New York, NY 10026
(40.802174581000486, -73.95400882799964)"
14K478,"The High School for Enterprise, Business and Technology","850 Grand Street
Brooklyn, NY 11211
(40.71196311300048, -73.94043436699963)"
18K642,Urban Action Academy,"1600 Rockaway Parkway
Brooklyn, NY 11236
(40.641844268000455, -73.89868729099965)"
30Q445,William Cullen Bryant High School,"48-10 31 Avenue
Astoria, NY 11103
(40.75812467500049, -73.91033330899967)"
10X433,High School for Teaching and the Professions,"2780 Reservoir Avenue
Bronx, NY 10468
(40.87037746700048, -73.89816295199967)"
19K510,World Academy for Total Community Health High School,"400 Pennsylvania Avenue
Brooklyn, NY 11207
(40.66755311100047, -73.89480053699964)"
22K555,Brooklyn College Academy,"350 Coney Island Avenue
Brooklyn, NY 11218
(40.64920062700048, -73.97169462099964)"
07X547,New Explorers High School,"730 Concourse Village West
Bronx, NY 10451
(40.82277649000048, -73.92352279399967)"
08X558,Westchester Square Academy,"3000 East Tremont Avenue
Bronx, NY 10461
(40.840513977000455, -73.83812095999963)"
32K545,EBC High School for Public Service - Bushwick,"1155 Dekalb Avenue
Brooklyn, NY 11221
(40.694481845000496, -73.92915352799963)"
23K493,Brooklyn Collegiate: A College Board School,"2021 Bergen Street
Brooklyn, NY 11233
(40.67413738300047, -73.91349449099965)"
29Q265,Excelsior Preparatory High School,"143-10 Springfield Boulevard
Springfield Gardens, NY 11413
(40.66823228800047, -73.75683989399965)"
09X505,"Bronx School for Law, Government and Justice","244 East 163 Street
Bronx, NY 10451
(40.827589367000485, -73.91866815999964)"
14K071,Juan Morel Campos Secondary School,"215 Heyward Street
Brooklyn, NY 11206
(40.7035773610005, -73.95323731199966)"
24Q267,High School of Applied Communication,"30-20 Thomson Avenue
Long Island City, NY 11101
(40.74509351900048, -73.93681389799963)"
02M416,Eleanor Roosevelt High School,"411 East 76 Street
New York, NY 10021
(40.77011647100045, -73.95337910099965)"
30Q286,"Young Women's Leadership School, Astoria","23-15 Newtown Avenue
Astoria, NY 11102
(40.77125089600048, -73.92460167099966)"
07X548,Urban Assembly School for Careers in Sports,"730 Concourse Village West
Bronx, NY 10451
(40.82277649000048, -73.92352279399967)"
10X213,Bronx Engineering and Technology Academy,"99 Terrace View Avenue
Bronx, NY 10463
(40.87704944300049, -73.91233659899967)"
28Q440,Forest Hills High School,"67-01 110 Street
Forest Hills, NY 11375
(40.729431572000465, -73.84562907299966)"
17K745,Brooklyn Institute for Liberal Arts,"600 Kingston Avenue
Brooklyn, NY 11203
(40.6595170060005, -73.94254649899966)"
02M459,Manhattan International High School,"317 East 67 Street
New York, NY 10065
(40.765445402000466, -73.96021378599966)"
06M463,High School for Media and Communications,"549 Audubon Avenue
New York, NY 10040
(40.855938307000486, -73.92702963399967)"
12X248,"Metropolitan High School, The","1180 Rev. J.A. Polite Ave.
Bronx, NY 10459
(40.82522606000049, -73.89394988899966)"
21K410,Abraham Lincoln High School,"2800 Ocean Parkway
Brooklyn, NY 11235
(40.58230836300049, -73.96746574699966)"
21K540,John Dewey High School,"50 Avenue X
Brooklyn, NY 11223
(40.589238098000465, -73.98174652399967)"
18K566,Brooklyn Generation School,"6565 Flatlands Avenue
Brooklyn, NY 11236
(40.63262743000047, -73.91779798899967)"
13K439,Brooklyn International High School,"49 Flatbush Avenue Extension
Brooklyn, NY 11201
(40.69717472700046, -73.98495968899965)"
10X445,Bronx High School of Science,"75 West 205 Street
Bronx, NY 10468
(40.87705636800047, -73.88978035099967)"
05M367,Academy for Social Action: A College Board School,"509 West 129 Street
New York, NY 10027
(40.815230365000446, -73.95520120599963)"
02M282,Urban Assembly Maker Academy,"411 Peal Street
New York, NY 10038
(40.709336073000486, -74.00529934499963)"
10X268,Kingsbridge International High School,"2780 Reservoir Avenue
Bronx, NY 10468
(40.87037746700048, -73.89816295199967)"
14K449,"Brooklyn Latin School, The","223 Graham Avenue
Brooklyn, NY 11206
(40.709899960000484, -73.94365993499963)"
08X452,Bronx Guild,"1980 Lafayette Avenue
Bronx, NY 10473
(40.82230376500047, -73.85596138999966)"
02M531,Repertory Company High School for Theatre Arts,"123 West 43 Street
New York, NY 10036
(40.7559425820005, -73.98456770199965)"
02M615,Chelsea Career and Technical Education High School,"131 Avenue Of The Americas
New York, NY 10013
(40.72435287400049, -74.00475929199968)"
13K412,"Brooklyn Community High School of Communication, Arts and Media","300 Willoughby Avenue
Brooklyn, NY 11205
(40.69258225600049, -73.95887311699965)"
24Q520,Middle College High School at LaGuardia Community College,"45-35 Van Dam Street
Long Island City, NY 11101
(40.744149536000464, -73.93362674099967)"
17K547,Brooklyn Academy of Science and the Environment,"883 Classon Avenue
Brooklyn, NY 11225
(40.67029890700047, -73.96164787599963)"
24Q293,Civic Leadership Academy,"45-10 94Th Street
Elmhurst, NY 11373
(40.74330287300046, -73.87057497699965)"
04M555,Central Park East High School,"1573 Madison Avenue
New York, NY 10029
(40.79367888200045, -73.94941649499964)"
10X546,Bronx Theatre High School,"99 Terrace View Avenue
Bronx, NY 10463
(40.87704944300049, -73.91233659899967)"
30Q301,Academy for Careers in Television and Film,"1-50 51St Avenue
Long Island City, NY 11101
(40.74113732800049, -73.94968859899967)"
16K594,Gotham Professional Arts Academy,"265 Ralph Avenue
Brooklyn, NY 11233
(40.68045547300045, -73.92219609199964)"
08X320,Pelham Lab High School,"3000 East Tremont Avenue
Bronx, NY 10461
(40.840513977000455, -73.83812095999963)"
11X513,New World High School,"921 East 228Th Street
Bronx, NY 10466
(40.887919214000476, -73.85287161399964)"
14K322,Foundations Academy,"70 Tompkins Avenue
Brooklyn, NY 11206
(40.69706108300045, -73.94667520499968)"
12X479,Bronx Career and College Preparatory High School,"800 Home Street
Bronx, NY 10456
(40.82776397900045, -73.90038681299967)"
11X544,High School for Contemporary Arts,"800 East Gun Hill Road
Bronx, NY 10467
(40.87575421100047, -73.86138783399963)"
30Q450,Long Island City High School,"14-30 Broadway
Astoria, NY 11106
(40.765763938000475, -73.93272598499965)"
24Q610,Aviation Career & Technical Education High School,"45-30 36 Street
Long Island City, NY 11101
(40.7435936440005, -73.92907786499967)"
14K610,Automotive High School,"50 Bedford Avenue
Brooklyn, NY 11222
(40.72264264000046, -73.95258304499964)"
29Q259,Pathways College Preparatory School: A College Board School,"109-89 204 Street
Saint Albans, NY 11412
(40.706387658000494, -73.75353002199967)"
15K423,Brooklyn Frontiers High School,"112 Schermerhorn Street
Brooklyn, NY 11201
(40.69020457500045, -73.98927037499965)"
03M479,Beacon High School,"227-243 West 61St Street
New York, NY 10023
(40.772158119000494, -73.98779653499963)"
21K337,International High School at Lafayette,"2630 Benson Avenue
Brooklyn, NY 11214
(40.59359381100046, -73.98472923199967)"
02M422,Quest to Learn,"351 West 18 Street
New York, NY 10011
(40.74288810100046, -74.00212738099964)"
09X564,Claremont International HS,"240 East 172 Street
Bronx, NY 10457
(40.84037339800045, -73.91083800799964)"
11X545,Bronx Aerospace High School,"800 East Gun Hill Road
Bronx, NY 10467
(40.87575421100047, -73.86138783399963)"
15K592,Khalil Gibran International Academy,"362 Schermerhorn Street
Brooklyn, NY 11217
(40.686741862000474, -73.98022906499966)"
30Q575,Academy of American Studies,"28-04 41 Avenue
Long Island City, NY 11101
(40.751300578000496, -73.93742387699967)"
07X223,M.S. 223 The Laboratory School of Finance and Technology,"360 East 145 Street
Bronx, NY 10454
(40.81401081600046, -73.92083651699966)"
21K525,Edward R. Murrow High School,"1600 Avenue L
Brooklyn, NY 11230
(40.62050435800046, -73.95923393299967)"
09X241,"Urban Assembly School for Applied Math and Science, The","1595 Bathgate Avenue
Bronx, NY 10457
(40.839327126000455, -73.90130978999963)"
03M402,The Urban Assembly School for Green Careers,"145 West 84 Street
New York, NY 10024
(40.78574315700047, -73.97441522799966)"
03M417,FRANK McCOURT HIGH SCHOOL,"145 West 84 Street
New York, NY 10024
(40.78574315700047, -73.97441522799966)"
17K537,High School for Youth and Community Development at Erasmus,"911 Flatbush Avenue
Brooklyn, NY 11226
(40.64943967500045, -73.95843119799963)"
02M412,N.Y.C. Lab School for Collaborative Studies,"333 West 17 Street
New York, NY 10011
(40.74210071300047, -74.00207379699964)"
31R600,Ralph R. McKee Career and Technical Education High School,"290 St Marks Place
Staten Island, NY 10301
(40.642741044000445, -74.07871106299967)"
07X527,Bronx Leadership Academy II High School,"730 Concourse Village West
Bronx, NY 10451
(40.82277649000048, -73.92352279399967)"
31R440,New Dorp High School,"465 New Dorp Lane
Staten Island, NY 10306
(40.5691824270005, -74.10730080799965)"
10X524,Crotona International High School,"2474 Crotona Avenue
Bronx, NY 10458
(40.85592271000047, -73.88257897999966)"
08X367,"Archimedes Academy for Math, Science and Technology Applications","456 White Plains Road
Bronx, NY 10473
(40.814918340000474, -73.85656553499967)"
24Q585,Maspeth High School,"54-40 74Th Street
Elmhurst, NY 11373
(40.729538482000464, -73.88739052299962)"
21K572,Expeditionary Learning School for Community Leaders,"2630 Benson Avenue
Brooklyn, NY 11214
(40.59359381100046, -73.98472923199967)"
04M495,Park East High School,"230 East 105 Street
New York, NY 10029
(40.7905626000005, -73.94445440799967)"
09X227,Bronx Collegiate Academy,"240 East 172 Street
Bronx, NY 10457
(40.84037339800045, -73.91083800799964)"
26Q495,Bayside High School,"32-24 Corporal Kennedy Street
Bayside, NY 11361
(40.771867242000496, -73.78038695199967)"
12X478,THE CINEMA SCHOOL,"1551 East 172Nd Street
Bronx, NY 10472
(40.831364532000464, -73.87834467499965)"
26Q315,Business Technology Early College High School,"230-17 Hillside Avenue
Queens Village, NY 11427
(40.73281710900045, -73.73965041299965)"
06M462,The College Academy,"549 Audubon Avenue
New York, NY 10040
(40.855938307000486, -73.92702963399967)"
02M655,Life Sciences Secondary School,"320 East 96 Street
New York, NY 10128
(40.78364426000047, -73.94574177699963)"
02M411,Baruch College Campus High School,"55 East 25 Street
New York, NY 10010
(40.74404724800047, -73.99147929899965)"
13K499,ACORN Community High School,"561 Grand Avenue
Brooklyn, NY 11238
(40.678508914000474, -73.96206730599965)"
05M304,Mott Hall High School,"6 Edgecombe Avenue
New York, NY 10030
(40.817361046000485, -73.94770842099967)"
08X405,Herbert H. Lehman High School.,"3000 East Tremont Avenue
Bronx, NY 10461
(40.840513977000455, -73.83812095999963)"
02M534,Harvest Collegiate High School,"34 West 14 Street
New York, NY 10011
(40.73676482600047, -73.99551113299964)"
10X549,Discovery High School,"2780 Reservoir Avenue
Bronx, NY 10468
(40.87037746700048, -73.89816295199967)"
31R080,The Michael J. Petrides School,"715 Ocean Terrace
Staten Island, NY 10301
(40.60745302400045, -74.10148222999965)"
20K485,High School of Telecommunication Arts and Technology,"350 67 Street
Brooklyn, NY 11220
(40.63724571600045, -74.02381647299967)"
02M308,Lower Manhattan Arts Academy,"350 Grand Street
New York, NY 10002
(40.71686722400045, -73.98953194299963)"
18K633,High School for Medical Professions,"1600 Rockaway Parkway
Brooklyn, NY 11236
(40.641844268000455, -73.89868729099965)"
05M369,Urban Assembly School for the Performing Arts,"509 West 129 Street
New York, NY 10027
(40.815230365000446, -73.95520120599963)"
12X692,Monroe Academy for Visual Arts & Design,"1300 Boynton Avenue
Bronx, NY 10472
(40.83136649000045, -73.87882327699964)"
24Q296,Pan American International High School,"45-10 94Th Street
Elmhurst, NY 11373
(40.74330287300046, -73.87057497699965)"
02M437,Hudson High School of Learning Technologies,"351 West 18 Street
New York, NY 10011
(40.74288810100046, -74.00212738099964)"
13K265,Dr. Susan S. McKinney Secondary School of the Arts,"101 Park Avenue
Brooklyn, NY 11205
(40.69634377300048, -73.97577110199967)"
02M545,High School for Dual Language and Asian Studies,"350 Grand Street
New York, NY 10002
(40.71686722400045, -73.98953194299963)"
24Q236,International High School for Health Sciences,"48-01 90 Street
Elmhurst, NY 11373
(40.74120520000048, -73.87472988399963)"
07X551,The Urban Assembly Bronx Academy of Letters,"339 Morris Avenue
Bronx, NY 10451
(40.81335930300048, -73.92553651499964)"
22K611,Origins High School,"3000 Avenue X
Brooklyn, NY 11235
(40.59419299700045, -73.93683809599963)"
06M552,Gregorio Luperon High School for Science and Mathematics,"501 West 165Th
New York, NY 10032
(40.83803232200046, -73.93837101799966)"
02M392,MANHATTAN BUSINESS ACADEMY,"351 West 18 Street
New York, NY 10011
(40.74288810100046, -74.00212738099964)"
19K502,FDNY High School for Fire and Life Safety,"400 Pennsylvania Avenue
Brooklyn, NY 11207
(40.66755311100047, -73.89480053699964)"
10X353,World View High School,"100 West Mosholu Parkway South
Bronx, NY 10468
(40.88008184000046, -73.88590153299964)"
03M485,Fiorello H. LaGuardia High School of Music & Art and Performing Arts,"100 Amsterdam Avenue
New York, NY 10023
(40.773670507000475, -73.98526855799963)"
07X670,Health Opportunities High School,"350 Gerard Avenue
Bronx, NY 10451
(40.81608448100047, -73.93032383899964)"
30Q555,Newcomers High School,"28-01 41 Avenue
Long Island City, NY 11101
(40.751380834000486, -73.93744971899963)"
29Q498,Humanities & Arts Magnet High School,"207- 01 116Th Avenue
Cambria Heights, NY 11411
(40.69553633600049, -73.73491834199967)"
14K614,Young Women's Leadership School of Brooklyn,"325 Bushwick Avenue
Brooklyn, NY 11206
(40.70560054300046, -73.93947806699964)"
25Q460,Flushing High School,"35-01 Union Street
Flushing, NY 11354
(40.765243471000474, -73.82785528199963)"
30Q501,Frank Sinatra School of the Arts High School,"35-12 35Th Avenue
Astoria, NY 11106
(40.75652807400047, -73.92514064399967)"
26Q435,Martin Van Buren High School,"230-17 Hillside Avenue
Queens Village, NY 11427
(40.73281710900045, -73.73965041299965)"
05M692,"High School for Mathematics, Science and Engineering at City College","240 Convent Ave
New York, NY 10031
(40.821123112000464, -73.94884524399964)"
08X332,Holcombe L. Rucker School of Community Research,"965 Longwood Avenue
Bronx, NY 10459
(40.81743944600049, -73.89804920599965)"
15K448,Brooklyn Secondary School for Collaborative Studies,"610 Henry Street
Brooklyn, NY 11231
(40.679863998000485, -74.00148225799967)"
01M292,Henry Street School for International Studies,"220 Henry Street
New York, NY 10002
(40.71376394700047, -73.98526003999967)"
02M303,"Facing History School, The","525 West 50Th Street
New York, NY 10019
(40.76502670800045, -73.99251657799965)"
02M432,Murray Hill Academy,"111 East 33Rd Street
New York, NY 10016
(40.746106375000466, -73.98100966699963)"
06M467,High School for Law and Public Service,"549 Audubon Avenue
New York, NY 10040
(40.855938307000486, -73.92702963399967)"
19K639,Brooklyn Lab School,"999 Jamaica Avenue
Brooklyn, NY 11208
(40.69114396200047, -73.86842605699962)"
09X252,Mott Hall Bronx High School,"1595 Bathgate Avenue
Bronx, NY 10457
(40.839327126000455, -73.90130978999963)"
09X260,Bronx Center for Science and Mathematics,"1363 Fulton Avenue
Bronx, NY 10456
(40.833738559000494, -73.90244824499968)"
09X324,Bronx Early College Academy for Teaching & Learning,"250 East 164 Street
Bronx, NY 10456
(40.828714180000475, -73.91775570199962)"
18K569,Kurt Hahn Expeditionary Learning School,"5800 Tilden Avenue
Brooklyn, NY 11203
(40.64866366300049, -73.92189876199967)"
19K583,Multicultural High School,"999 Jamaica Avenue
Brooklyn, NY 11208
(40.69114396200047, -73.86842605699962)"
10X439,Bronx High School for Law and Community Service,"500 East Fordham Road
Bronx, NY 10458
(40.86001222100049, -73.88822960399966)"
31R064,Gaynor McCown Expeditionary Learning School,"100 Essex Drive
Staten Island, NY 10314
(40.58202202600046, -74.15784841899966)"
18K617,High School for Innovation in Advertising and Media,"1600 Rockaway Parkway
Brooklyn, NY 11236
(40.641844268000455, -73.89868729099965)"
09X250,Eximius College Preparatory Academy: A College Board School,"1363 Fulton Avenue
Bronx, NY 10456
(40.833738559000494, -73.90244824499968)"
16K498,Brooklyn High School for Law and Technology,"1396 Broadway
Brooklyn, NY 11221
(40.68892554200045, -73.92108409899964)"
11X299,Astor Collegiate Academy,"925 Astor Avenue
Bronx, NY 10469
(40.85969831600045, -73.86074140399967)"
15K656,Brooklyn High School of the Arts,"345 Dean Street
Brooklyn, NY 11217
(40.683653990000494, -73.98047275099964)"
14K488,Brooklyn Preparatory High School,"257 North 6 Street
Brooklyn, NY 11211
(40.71503755100048, -73.95464995899965)"
29Q243,Institute for Health Professions at Cambria Heights,"207- 01 116Th Avenue
Cambria Heights, NY 11411
(40.69553633600049, -73.73491834199967)"
04M610,Young Women's Leadership School,"105 East 106 Street
New York, NY 10029
(40.79270695600047, -73.94729966199964)"
05M157,The Urban Assembly School for Global Commerce,"2005 Madison Avenue
New York, NY 10035
(40.80734208700045, -73.93943418699968)"
15K667,Sunset Park High School,"153 35Th Street
Brooklyn, NY 11232
(40.65595284400047, -74.00549732499962)"
10X442,"Celia Cruz Bronx High School of Music, The","2780 Reservoir Avenue
Bronx, NY 10468
(40.87037746700048, -73.89816295199967)"
01M696,Bard High School Early College,"525 East Houston Street
New York, NY 10002
(40.718961617000446, -73.97606602099967)"
04M409,Coalition School for Social Change,"2351 1St Avenue
New York, NY 10035
(40.7988651820005, -73.93336559699964)"
03M494,High School of Arts and Technology,"122 Amsterdam Avenue
New York, NY 10023
(40.77429641100048, -73.98482270099964)"
28Q896,"Young Women's Leadership School, Queens","150-91 87 Road
Jamaica, NY 11432
(40.70820782600049, -73.80407794599967)"
11X290,Bronx Academy of Health Careers,"800 East Gun Hill Road
Bronx, NY 10467
(40.87575421100047, -73.86138783399963)"
14K454,Green School: An Academy for Environmental Careers,"223 Graham Avenue
Brooklyn, NY 11206
(40.709899960000484, -73.94365993499963)"
07X427,Community School for Social Justice,"350 Gerard Avenue
Bronx, NY 10451
(40.81608448100047, -73.93032383899964)"
11X542,Pelham Preparatory Academy,"925 Astor Avenue
Bronx, NY 10469
(40.85969831600045, -73.86074140399967)"
27Q480,John Adams High School,"101-01 Rockaway Boulevard
Ozone Park, NY 11417
(40.679831401000456, -73.83832266399963)"
30Q258,Energy Tech High School,"36-41 28 Street
Astoria, NY 11106
(40.7570971560005, -73.93261840099967)"
12X267,Bronx Latin,"800 Home Street
Bronx, NY 10456
(40.82776397900045, -73.90038681299967)"
19K660,W. H. Maxwell Career and Technical Education High School,"145 Pennsylvania Avenue
Brooklyn, NY 11207
(40.674224214000446, -73.89645352099967)"
12X242,Mott Hall V,"1551 East 172Nd Street
Bronx, NY 10472
(40.831364532000464, -73.87834467499965)"
13K595,Bedford Academy High School,"1119 Bedford Avenue
Brooklyn, NY 11216
(40.68538126900046, -73.95426759999964)"
02M296,High School of Hospitality Management,"525 West 50Th Street
New York, NY 10019
(40.76502670800045, -73.99251657799965)"
07X500,Hostos-Lincoln Academy of Science,"600 Saint Ann'S Avenue
Bronx, NY 10455
(40.814955342000474, -73.91251954199964)"
19K683,"The School for Classics: An Academy of Thinkers, Writers and Peformers","370 Fountain Avenue
Brooklyn, NY 11208
(40.67068325000048, -73.87421747999963)"
25Q425,John Bowne High School,"63-25 Main Street
Flushing, NY 11367
(40.73869720300047, -73.82479482099967)"
12X511,Bronx Envision Academy,"1619 Boston Road
Bronx, NY 10460
(40.835937328000455, -73.89046769299966)"
11X275,High School of Computers and Technology,"800 East Gun Hill Road
Bronx, NY 10467
(40.87575421100047, -73.86138783399963)"
07X221,South Bronx Preparatory: A College Board School,"360 East 145 Street
Bronx, NY 10454
(40.81401081600046, -73.92083651699966)"
10X696,High School of American Studies at Lehman College,"2925 Goulden Avenue
Bronx, NY 10468
(40.8712553740005, -73.89751620399966)"
06M540,A. Philip Randolph Campus High School,"443 West 135 Street
New York, NY 10031
(40.81832126900048, -73.95061382799963)"
03M541,Manhattan / Hunter Science High School,"122 Amsterdam Avenue
New York, NY 10023
(40.77429641100048, -73.98482270099964)"
02M305,"Urban Assembly Academy of Government and Law, The","350 Grand Street
New York, NY 10002
(40.71686722400045, -73.98953194299963)"
02M551,Urban Assembly New York Harbor School,"550 Wheeler Avenue
Manhattan, NY 10004
(40.690787629000454, -74.01975732599965)"
13K670,Benjamin Banneker Academy,"71-77 Clinton Avenue
Brooklyn, NY 11205
(40.69566241300049, -73.96928607699965)"
03M860,Frederick Douglass Academy II Secondary School,"215 West 114 Street
New York, NY 10026
(40.802174581000486, -73.95400882799964)"
25Q252,"Queens School of Inquiry, The","158-40 76 Road
Fresh Meadows, NY 11366
(40.72452298400049, -73.80942798999968)"
27Q475,Richmond Hill High School,"89-30 114 Street
Richmond Hill, NY 11418
(40.6956492220005, -73.83358480499965)"
02M399,THE HIGH SCHOOL FOR LANGUAGE AND DIPLOMACY,"40 Irving Place
New York, NY 10003
(40.73551946300046, -73.98760424899967)"
11X509,High School of Language and Innovation,"925 Astor Avenue
Bronx, NY 10469
(40.85969831600045, -73.86074140399967)"
06M423,High School for Excellence and Innovation,"650 Academy Street
New York, NY 10034
(40.86604554900049, -73.92485664199967)"
27Q260,Frederick Douglass Academy VI High School,"8-21 Bay 25 Street
Far Rockaway, NY 11691
(40.601989336000486, -73.76283432299965)"
03M403,The Global Learning Collaborative,"145 West 84 Street
New York, NY 10024
(40.78574315700047, -73.97441522799966)"
32K554,All City Leadership Secondary School,"321 Palmetto Street
Brooklyn, NY 11237
(40.69740779600045, -73.91315346199963)"
02M605,Humanities Preparatory Academy,"351 West 18 Street
New York, NY 10011
(40.74288810100046, -74.00212738099964)"
05M670,Thurgood Marshall Academy for Learning and Social Change,"200-214 West 135Th Street
New York, NY 10030
(40.81536482900049, -73.94389670999965)"
24Q299,Bard High School Early College Queens,"30-20 Thomson Avenue
Long Island City, NY 11101
(40.74509351900048, -73.93681389799963)"
10X477,Marble Hill High School for International Studies,"99 Terrace View Avenue
Bronx, NY 10463
(40.87704944300049, -73.91233659899967)"
15K497,School for International Studies,"284 Baltic Street
Brooklyn, NY 11201
(40.68545180600046, -73.99349146499964)"
17K122,Pathways in Technology Early College High School (P-Tech),"150 Albany Avenue
Brooklyn, NY 11213
(40.67540230700047, -73.93888117599965)"
08X349,Bronx River High School,"3000 East Tremont Avenue
Bronx, NY 10461
(40.840513977000455, -73.83812095999963)"
10X264,Bronx Academy for Software Engineering (BASE),"2474 Crotona Avenue
Bronx, NY 10458
(40.85592271000047, -73.88257897999966)"
10X434,Belmont Preparatory High School,"500 East Fordham Road
Bronx, NY 10458
(40.86001222100049, -73.88822960399966)"
25Q281,East-West School of International Studies,"46-21 Colden Street
Flushing, NY 11355
(40.74930280500047, -73.82180810599965)"
27Q314,Epic High School – South,"121-10 Rockaway Boulevard
Queens, NY 11420
(40.675735922000456, -73.81696833599966)"
09X276,Leadership Institute,"1701 Fulton Avenue
Bronx, NY 10457
(40.8412708780005, -73.89797867699963)"
15K684,Millennium Brooklyn HS,"237 7 Avenue
Brooklyn, NY 11215
(40.66959817500049, -73.97925552199968)"
08X432,BRONX BRIDGES HIGH SCHOOL,"1980 Lafayette Avenue
Bronx, NY 10473
(40.82230376500047, -73.85596138999966)"
02M546,Academy for Software Engineering,"40 Irving Place
New York, NY 10003
(40.73551946300046, -73.98760424899967)"
09X350,New Directions Secondary School,"240 East 172 Street
Bronx, NY 10457
(40.84037339800045, -73.91083800799964)"
08X530,Banana Kelly High School,"965 Longwood Avenue
Bronx, NY 10459
(40.81743944600049, -73.89804920599965)"
31R450,Curtis High School,"105 Hamilton Avenue
Staten Island, NY 10301
(40.64474490100048, -74.08134127399967)"
26Q566,"Queens High School of Teaching, Liberal Arts and the Sciences","74-20 Commonwealth Blvd
Bellerose, NY 11426
(40.744904361000465, -73.72690964199967)"
02M475,Stuyvesant High School,"345 Chambers Street
New York, NY 10282
(40.71774641500048, -74.01404904299966)"
02M489,High School of Economics and Finance,"100 Trinity Place
New York, NY 10006
(40.70921962500046, -74.01202591499964)"
14K685,El Puente Academy for Peace and Justice,"250 Hooper Street
Brooklyn, NY 11211
(40.705765931000485, -73.95572857199966)"
17K590,Medgar Evers College Preparatory School,"1186 Carroll Street
Brooklyn, NY 11225
(40.66716208200046, -73.95085795499966)"
18K576,Victory Collegiate High School,"6565 Flatlands Avenue
Brooklyn, NY 11236
(40.63262743000047, -73.91779798899967)"
28Q167,Metropolitan Expeditionary Learning School,"91-30 Metropolitan Avenue
Forest Hills, NY 11375
(40.710435548000476, -73.85063015499964)"
01M509,Marta Valle High School,"145 Stanton Street
New York, NY 10002
(40.720569079000484, -73.98567269099965)"
04M435,Manhattan Center for Science and Mathematics,"260 Pleasant Avenue
New York, NY 10029
(40.793741706000446, -73.93408414199968)"
21K620,William E. Grady Career and Technical Education High School,"25 Brighton 4Th Road
Brooklyn, NY 11235
(40.58254803800048, -73.96371622099963)"
02M408,Professional Performing Arts High School,"328 West 48 Street
New York, NY 10036
(40.761432699000466, -73.98802369799967)"
17K539,High School for Service & Learning at Erasmus,"911 Flatbush Avenue
Brooklyn, NY 11226
(40.64943967500045, -73.95843119799963)"
15K429,Brooklyn School for Global Studies,"284 Baltic Street
Brooklyn, NY 11201
(40.68545180600046, -73.99349146499964)"
09X404,School for Excellence,"1110 Boston Road
Bronx, NY 10456
(40.8276026690005, -73.90447525699966)"
17K531,"School for Human Rights, The","600 Kingston Avenue
Brooklyn, NY 11203
(40.6595170060005, -73.94254649899966)"
02M529,Jacqueline Kennedy Onassis High School,"120 West 46 Street
New York, NY 10036
(40.75775738600049, -73.98318779299967)"
11X249,Bronx Health Sciences High School,"750 Baychester Avenue
Bronx, NY 10475
(40.87413179800046, -73.83380451299968)"
15K464,Park Slope Collegiate,"237 7 Avenue
Brooklyn, NY 11215
(40.66959817500049, -73.97925552199968)"
19K764,The Urban Assembly School for Collaborative Healthcare,"999 Jamaica Avenue
Brooklyn, NY 11208
(40.69114396200047, -73.86842605699962)"
11X288,Collegiate Institute for Math and Science,"925 Astor Avenue
Bronx, NY 10469
(40.85969831600045, -73.86074140399967)"
12X521,The Metropolitan Soundview High School,"1300 Boynton Avenue
Bronx, NY 10472
(40.83136649000045, -73.87882327699964)"
13K674,"City Polytechnic High School of Engineering, Architecture, and Technology","105 Johnson Street
Brooklyn, NY 11201
(40.69494440700049, -73.98603532399966)"
07X259,"H.E.R.O. High (Health, Education, and Research Occupations High School)","455 Southern Blvd
Bronx, NY 10455
(40.810405415000446, -73.90680011599966)"
17K600,Clara Barton High School,"901 Classon Avenue
Brooklyn, NY 11225
(40.67027055700049, -73.96165482399965)"
11X514,The Bronxwood Preparatory Academy,"921 East 228Th Street
Bronx, NY 10466
(40.887919214000476, -73.85287161399964)"
19K422,Spring Creek Community School,"1065 Elton Street
Brooklyn, NY 11208
(40.65752260200048, -73.87477702499967)"
26Q430,Francis Lewis High School,"58-20 Utopia Parkway
Fresh Meadows, NY 11365
(40.74055571400049, -73.79284814599964)"
13K430,Brooklyn Technical High School,"29 Ft Greene Place
Brooklyn, NY 11217
(40.688107423000474, -73.97674507199963)"
28Q310,Queens Collegiate: A College Board School,"167-01 Gothic Drive
Jamaica, NY 11432
(40.713577459000476, -73.79651782499963)"
10X440,DeWitt Clinton High School,"100 West Mosholu Parkway South
Bronx, NY 10468
(40.88008184000046, -73.88590153299964)"
13K527,Urban Assembly Institute of Math and Science for Young Women,"283 Adams Street
Brooklyn, NY 11201
(40.69462011900049, -73.98862394499963)"
09X525,Bronx Leadership Academy High School,"1710 Webster Avenue
Bronx, NY 10457
(40.84358119500047, -73.90322003799963)"
06M293,City College Academy of the Arts,"4600 Broadway
New York, NY 10040
(40.86111331900048, -73.93045214899968)"
14K477,School for Legal Studies,"850 Grand Street
Brooklyn, NY 11211
(40.71196311300048, -73.94043436699963)"
02M533,Union Square Academy for Health Sciences,"40 Irving Place
New York, NY 10003
(40.73551946300046, -73.98760424899967)"
18K567,Brooklyn Theatre Arts High School,"6565 Flatlands Avenue
Brooklyn, NY 11236
(40.63262743000047, -73.91779798899967)"
10X437,Fordham High School for the Arts,"500 East Fordham Road
Bronx, NY 10458
(40.86001222100049, -73.88822960399966)"
32K168,The Brooklyn School for Math and Research,"400 Irving Avenue
Brooklyn, NY 11237
(40.696961848000456, -73.91081593899963)"
19K615,Transit Tech Career and Technical Education High School,"1 Wells Street
Brooklyn, NY 11208
(40.6782307310005, -73.87597301199963)"
29Q283,Preparatory Academy for Writers: A College Board School,"143-10 Springfield Boulevard
Springfield Gardens, NY 11413
(40.66823228800047, -73.75683989399965)"
16K688,The Brooklyn Academy of Global Finance,"125 Stuyvesant Avenue
Brooklyn, NY 11221
(40.691537765000476, -73.93372578199967)"
12X682,Fannie Lou Hamer Freedom High School,"1021 Jennings Street
Bronx, NY 10460
(40.83080715400047, -73.88602131599964)"
32K549,Bushwick School for Social Justice,"400 Irving Avenue
Brooklyn, NY 11237
(40.696961848000456, -73.91081593899963)"
17K524,International High School at Prospect Heights,"883 Classon Avenue
Brooklyn, NY 11225
(40.67029890700047, -73.96164787599963)"
01M450,East Side Community School,"420 East 12 Street
New York, NY 10009
(40.729782687000466, -73.98304144099967)"
28Q505,Hillcrest High School,"160-05 Highland Avenue
Jamaica, NY 11432
(40.70875755500049, -73.80212748599968)"
07X334,International Community High School,"345 Brook Avenue
Bronx, NY 10454
(40.810036192000496, -73.91781248199965)"
20K505,Franklin Delano Roosevelt High School,"5800 20 Avenue
Brooklyn, NY 11204
(40.620263373000455, -73.98201099999966)"
02M047,47 The American Sign Language and English Secondary School,"223 East 23 Street
New York, NY 10010
(40.738599087000466, -73.98251191099968)"
08X305,Pablo Neruda Academy,"1980 Lafayette Avenue
Bronx, NY 10473
(40.82230376500047, -73.85596138999966)"
28Q687,Queens High School for the Sciences at York College,"94-50 159 Street
Jamaica, NY 11433
(40.7009987670005, -73.79815352399964)"
17K751,Academy for Health Careers,"150 Albany Avenue
Brooklyn, NY 11213
(40.67540230700047, -73.93888117599965)"
09X263,Validus Preparatory Academy: An Expeditionary Learning School,"1595 Bathgate Avenue
Bronx, NY 10457
(40.839327126000455, -73.90130978999963)"
07X600,Alfred E. Smith Career and Technical Education High School,"333 East 151 Street
Bronx, NY 10451
(40.81824688900048, -73.91973567799965)"
18K637,Academy for Conservation and the Environment,"6565 Flatlands Avenue
Brooklyn, NY 11236
(40.63262743000047, -73.91779798899967)"
10X237,"The Marie Curie School for Medicine, Nursing, and Health Professions","120 West 231 Street
Bronx, NY 10463
(40.875975449000464, -73.90123489199965)"
12X251,Explorations Academy,"1619 Boston Road
Bronx, NY 10460
(40.835937328000455, -73.89046769299966)"
27Q308,Robert H. Goddard High School of Communication Arts and Technology,"138-30 Lafayette Street
Ozone Park, NY 11417
(40.6717694780005, -73.84497773899966)"
09X413,Bronx High School for Medical Science,"240 East 172 Street
Bronx, NY 10457
(40.84037339800045, -73.91083800799964)"
18K563,It Takes a Village Academy,"5800 Tilden Avenue
Brooklyn, NY 11203
(40.64866366300049, -73.92189876199967)"
09X231,Eagle Academy for Young Men,"4143 Third Avenue
Bronx, NY 10457
(40.84518532700048, -73.89698066799963)"
24Q485,Grover Cleveland High School,"21-27 Himrod Street
Ridgewood, NY 11385
(40.71122219500046, -73.90865212999967)"
02M413,School of the Future High School,"127 East 22 Street
New York, NY 10010
(40.73894888600046, -73.98540517199967)"
20K445,New Utrecht High School,"1601 80 Street
Brooklyn, NY 11214
(40.61342449400047, -74.00365376599967)"
19K504,High School for Civil Rights,"400 Pennsylvania Avenue
Brooklyn, NY 11207
(40.66755311100047, -73.89480053699964)"
01M448,University Neighborhood High School,"200 Monroe Street
New York, NY 10002
(40.7123318510005, -73.98479662499966)"
28Q690,High School for Law Enforcement and Public Safety,"116-25 Guy R Brewer Boulevard
Jamaica, NY 11434
(40.68617808300047, -73.78408297499965)"
29Q326,Cambria Heights Academy,"188-04 91St Avenue
Hollis, NY 11423
(40.71181822000045, -73.77119187599965)"
03M859,Special Music School,"122 Amsterdam Avenue
New York, NY 10023
(40.77429641100048, -73.98482270099964)"
02M376,NYC iSchool,"131 Avenue Of The Americas
New York, NY 10013
(40.72435287400049, -74.00475929199968)"
13K483,The Urban Assembly School for Law and Justice,"283 Adams Street
Brooklyn, NY 11201
(40.69462011900049, -73.98862394499963)"
19K507,Performing Arts and Technology High School,"400 Pennsylvania Avenue
Brooklyn, NY 11207
(40.66755311100047, -73.89480053699964)"
04M372,ESPERANZA PREPARATORY ACADEMY,"240 East 109 Street
New York, NY 10029
(40.793072777000475, -73.94235655799963)"
10X565,High School for Energy and Technology,"2474 Crotona Avenue
Bronx, NY 10458
(40.85592271000047, -73.88257897999966)"
02M419,Landmark High School,"351 West 18 Street
New York, NY 10011
(40.74288810100046, -74.00212738099964)"
14K561,Williamsburg Preparatory School,"257 North 6 Street
Brooklyn, NY 11211
(40.71503755100048, -73.95464995899965)"
08X282,Women's Academy of Excellence,"456 White Plains Road
Bronx, NY 10473
(40.814918340000474, -73.85656553499967)"
21K559,Life Academy High School for Film and Music,"2630 Benson Avenue
Brooklyn, NY 11214
(40.59359381100046, -73.98472923199967)"
08X269,Bronx Studio School for Writers and Artists,"928 Simpson Street
Bronx, NY 10459
(40.820623637000494, -73.89307351899964)"
25Q285,World Journalism Preparatory: A College Board School,"34-65 192 Street
Flushing, NY 11358
(40.76512327300048, -73.79005967599966)"
15K519,Cobble Hill School of American Studies,"347 Baltic Street
Brooklyn, NY 11201
(40.68457913700047, -73.99109316299968)"
24Q530,International High School at LaGuardia Community College,"45-35 Van Dam Street
Long Island City, NY 11101
(40.744149536000464, -73.93362674099967)"
29Q248,Queens Preparatory Academy,"143-10 Springfield Boulevard
Springfield Gardens, NY 11413
(40.66823228800047, -73.75683989399965)"
09X412,Bronx High School of Business,"240 East 172 Street
Bronx, NY 10457
(40.84037339800045, -73.91083800799964)"
02M600,The High School of Fashion Industries,"225 West 24 Street
New York, NY 10011
(40.74511157100045, -73.99590641999964)"
17K528,The High School for Global Citizenship,"883 Classon Avenue
Brooklyn, NY 11225
(40.67029890700047, -73.96164787599963)"
13K605,George Westinghouse Career and Technical Education High School,"105 Johnson Street
Brooklyn, NY 11201
(40.69494440700049, -73.98603532399966)"
30Q502,Information Technology High School,"21-16 44Th Road
Long Island City, NY 11101
(40.74792352300045, -73.94656565899965)"
16K393,Frederick Douglass Academy IV Secondary School,"1014 Lafayette Avenue
Brooklyn, NY 11221
(40.69213370400047, -73.93150317199962)"
27Q650,"High School for Construction Trades, Engineering and Architecture","94-06 104Th Street
Ozone Park, NY 11416
(40.68939682600046, -73.84064100099965)"
11X418,Bronx High School for the Visual Arts,"2040 Antin Pl
Bronx, NY 10462
(40.851433485000484, -73.86501795899966)"
22K425,James Madison High School,"3787 Bedford Avenue
Brooklyn, NY 11229
(40.60975848100048, -73.94845183699965)"
16K455,Boys and Girls High School,"1700 Fulton Street
Brooklyn, NY 11213
(40.67943304500045, -73.93243176999965)"
19K409,East New York Family Academy,"2057 Linden Boulevard
Brooklyn, NY 11207
(40.66063702400049, -73.88634164999962)"
17K546,High School for Public Service: Heroes of Tomorrow,"600 Kingston Avenue
Brooklyn, NY 11203
(40.6595170060005, -73.94254649899966)"
21K344,Rachel Carson High School for Coastal Studies,"521 West Avenue
Brooklyn, NY 11224
(40.582116150000445, -73.97289449199963)"
24Q560,"Robert F. Wagner, Jr. Secondary School for Arts and Technology","47-07 30 Place
Long Island City, NY 11101
(40.742263515000445, -73.93687612099967)"
02M300,"Urban Assembly School of Design and Construction, The","525 West 50Th Street
New York, NY 10019
(40.76502670800045, -73.99251657799965)"
27Q324,Rockaway Park High School for Environmental Sustainability,"100-00 Beach Channel Drive
Rockaway Park, NY 11694
(40.58600718700046, -73.82308944399966)"
23K514,Frederick Douglass Academy VII High School,"226 Bristol Street
Brooklyn, NY 11212
(40.665810912000495, -73.91169964499966)"
02M438,International High School at Union Square,"40 Irving Place
New York, NY 10003
(40.73551946300046, -73.98760424899967)"
20K490,Fort Hamilton High School,"8301 Shore Road
Brooklyn, NY 11209
(40.62791337300047, -74.03995233799964)"
07X495,University Heights Secondary School,"701 St. Anns Avenue
Bronx, NY 10455
(40.81817353600047, -73.91109266299964)"
29Q492,"Mathematics, Science Research and Technology Magnet High School","207- 01 116Th Avenue
Cambria Heights, NY 11411
(40.69553633600049, -73.73491834199967)"
02M135,The Urban Assembly School for Emergency Management,"439 West 49Th Street
New York, NY 10019
(40.763361732000476, -73.99050909099964)"
11X270,Academy for Scholarship and Entrepreneurship: A College Board School,"921 East 228Th Street
Bronx, NY 10466
(40.887919214000476, -73.85287161399964)"
03M492,"High School for Law, Advocacy and Community Justice","122 Amsterdam Avenue
New York, NY 10023
(40.77429641100048, -73.98482270099964)"
02M580,Richard R. Green High School of Teaching,"26 Broadway
New York, NY 10004
(40.70523493900049, -74.01331503999967)"
14K586,Lyons Community School,"223 Graham Avenue
Brooklyn, NY 11206
(40.709899960000484, -73.94365993499963)"
02M425,Leadership and Public Service High School,"90 Trinity Place
New York, NY 10006
(40.70914653900047, -74.01207662699966)"
31R047,CSI High School for International Studies,"100 Essex Drive
Staten Island, NY 10314
(40.58202202600046, -74.15784841899966)"
24Q550,High School for Arts and Business,"105-25 Horace Harding Expy N
Corona, NY 11368
(40.73741817000047, -73.85330572999965)"
06M346,Community Health Academy of the Heights,"504 West 158Th Street
New York, NY 10032
(40.83355521900046, -73.94180421199962)"
28Q686,QUEENS METROPOLITAN HIGH SCHOOL,"91-30 Metropolitan Avenue
Forest Hills, NY 11375
(40.710435548000476, -73.85063015499964)"
29Q272,George Washington Carver High School for the Sciences,"143-10 Springfield Boulevard
Springfield Gardens, NY 11413
(40.66823228800047, -73.75683989399965)"
10X374,Knowledge and Power Preparatory Academy International High School (Kappa),"500 East Fordham Road
Bronx, NY 10458
(40.86001222100049, -73.88822960399966)"
29Q327,Eagle Academy for Young Men III,"171-10 Linden Boulevard
Jamaica, NY 11434
(40.69167018900049, -73.77902860599966)"
02M407,Institute for Collaborative Education,"345 East 15Th Street
New York, NY 10003
(40.73248537800049, -73.98305338799963)"
32K556,Bushwick Leaders High School for Academic Excellence,"797 Bushwick Avenue
Brooklyn, NY 11221
(40.69499576300046, -73.92798626699965)"
02M439,Manhattan Village Academy,"43 West 22 Street
New York, NY 10010
(40.7414946990005, -73.99144505299967)"
24Q455,Newtown High School,"48-01 90 Street
Elmhurst, NY 11373
(40.74120520000048, -73.87472988399963)"
12X550,High School of World Cultures,"1300 Boynton Avenue
Bronx, NY 10472
(40.83136649000045, -73.87882327699964)"
19K659,Cypress Hills Collegiate Preparatory School,"999 Jamaica Avenue
Brooklyn, NY 11208
(40.69114396200047, -73.86842605699962)"
08X561,Bronx Compass High School,"1980 Lafayette Avenue
Bronx, NY 10473
(40.82230376500047, -73.85596138999966)"
02M260,M.S. 260 Clinton School Writers & Artists,"425 West 33Rd Street
Manhattan, NY 10001
(40.75321087800046, -73.99785851499968)"
16K765,Nelson Mandela School for Social Justice,"1700 Fulton Street
Brooklyn, NY 11213
(40.67943304500045, -73.93243176999965)"
09X297,Morris Academy for Collaborative Studies,"1110 Boston Road
Bronx, NY 10456
(40.8276026690005, -73.90447525699966)"
02M400,High School for Environmental Studies,"444 West 56 Street
New York, NY 10019
(40.76776243900048, -73.98751121399965)"
12X372,Urban Assembly School for Wildlife Conservation,"2024 Mohegan Avenue
Bronx, NY 10460
(40.84403995800045, -73.88468697299965)"
23K697,Teachers Preparatory High School,"226 Bristol Street
Brooklyn, NY 11212
(40.665810912000495, -73.91169964499966)"
09X365,Academy for Language and Technology,"1700 Macombs Road
Bronx, NY 10453
(40.84910216800046, -73.91608844099966)"
13K350,Urban Assembly High School of Music and Art,"49 Flatbush Avenue Extension
Brooklyn, NY 11201
(40.69717472700046, -73.98495968899965)"
15K462,Secondary School for Law,"237 7 Avenue
Brooklyn, NY 11215
(40.66959817500049, -73.97925552199968)"
18K589,Arts & Media Preparatory Academy,"905 Winthrop Street
Brooklyn, NY 11203
(40.65845703000048, -73.92903317399964)"
02M519,Talent Unlimited High School,"317 East 67 Street
New York, NY 10065
(40.765445402000466, -73.96021378599966)"
02M418,Millennium High School,"75 Broad Street
New York, NY 10004
(40.704920366000465, -74.01151402299968)"
10X141,Riverdale / Kingsbridge Academy (Middle School / High School 141),"660 West 237 Street
Bronx, NY 10463
(40.88837284900046, -73.91409320399964)"
27Q309,Academy of Medical Technology: A College Board School,"8-21 Bay 25 Street
Far Rockaway, NY 11691
(40.601989336000486, -73.76283432299965)"
11X455,Harry S Truman High School,"750 Baychester Avenue
Bronx, NY 10475
(40.87413179800046, -73.83380451299968)"
02M630,Art and Design High School,"231-249 East 56 Street
New York, NY 10019
(40.76540154100047, -73.98176824599966)"
19K404,Academy for Young Writers,"1065 Elton Street
Brooklyn, NY 11208
(40.65752260200048, -73.87477702499967)"
10X438,Fordham Leadership Academy for Business and Technology,"500 East Fordham Road
Bronx, NY 10458
(40.86001222100049, -73.88822960399966)"
07X473,Mott Haven Village Preparatory High School,"701 St. Anns Avenue
Bronx, NY 10455
(40.81817353600047, -73.91109266299964)"
02M543,New Design High School,"350 Grand Street
New York, NY 10002
(40.71686722400045, -73.98953194299963)"
10X342,International School for Liberal Arts,"2780 Reservoir Avenue
Bronx, NY 10468
(40.87037746700048, -73.89816295199967)"
27Q334,Epic High School – North,"94-25 117th Street
South Richmond Hill, NY 11419
(40.69287706600045, -73.82930558099963)"
10X351,Bronx Collaborative High School,"100 West Mosholu Parkway South
Bronx, NY 10468
(40.88008184000046, -73.88590153299964)"
02M414,N.Y.C. Museum School,"333 West 17 Street
New York, NY 10011
(40.74210071300047, -74.00207379699964)"
11X265,Bronx Lab School,"800 East Gun Hill Road
Bronx, NY 10467
(40.87575421100047, -73.86138783399963)"
02M139,Stephen T. Mather Building Arts & Craftsmanship High School,"411 Pearl Street
New York, NY 10038
(40.71067947100045, -74.00080702099967)"
27Q262,Channel View School for Research,"100-00 Beach Channel Drive
Rockaway Park, NY 11694
(40.58600718700046, -73.82308944399966)"
09X329,DreamYard Preparatory School,"240 East 172 Street
Bronx, NY 10457
(40.84037339800045, -73.91083800799964)"
28Q620,Thomas A. Edison Career and Technical Education High School,"165-65 84 Avenue
Jamaica, NY 11432
(40.71587626100046, -73.79882238899967)"
14K632,Frances Perkins Academy,"50 Bedford Avenue
Brooklyn, NY 11222
(40.72264264000046, -73.95258304499964)"
02M427,MANHATTAN ACADEMY FOR ARTS & LANGUAGE,"111 East 33Rd Street
New York, NY 10016
(40.746106375000466, -73.98100966699963)"
02M542,Manhattan Bridges High School,"525 West 50Th Street
New York, NY 10019
(40.76502670800045, -73.99251657799965)"
27Q400,August Martin High School,"156-10 Baisley Boulevard
Jamaica, NY 11434
(40.67552680900047, -73.78343251299964)"
25Q241,Queens High School for Language Studies,"35-01 Union Street
Flushing, NY 11354
(40.765243471000474, -73.82785528199963)"
27Q351,Rockaway Collegiate High School,"100-00 Beach Channel Drive
Rockaway Park, NY 11694
(40.58600718700046, -73.82308944399966)"
32K403,Academy for Environmental Leadership,"400 Irving Avenue
Brooklyn, NY 11237
(40.696961848000456, -73.91081593899963)"
31R445,Port Richmond High School,"85 St Josephs Avenue
Staten Island, NY 10302
(40.63384298700049, -74.14210688899965)"
25Q240,Veritas Academy,"35-01 Union Street
Flushing, NY 11354
(40.765243471000474, -73.82785528199963)"
23K644,Eagle Academy for Young Men II,"1137 Herkimer Street
Brooklyn, NY 11233
(40.677825501000484, -73.91582337999967)"
27Q302,"Queens High School for Information, Research, and Technology","8-21 Bay 25 Street
Far Rockaway, NY 11691
(40.601989336000486, -73.76283432299965)"
09X517,Frederick Douglass Academy III Secondary School,"3630 Third Avenue
Bronx, NY 10456
(40.83416725000046, -73.90403294799967)"
28Q325,Hillside Arts & Letters Academy,"167-01 Gothic Drive
Jamaica, NY 11432
(40.713577459000476, -73.79651782499963)"
05M499,Frederick Douglass Academy,"2581 7Th Avenue
New York, NY 10039
(40.82430838500045, -73.93697961299966)"
24Q264,Academy of Finance and Enterprise,"30-20 Thomson Avenue
Long Island City, NY 11101
(40.74509351900048, -73.93681389799963)"
08X519,"Felisa Rincon de Gautier Institute for Law and Public Policy, The","1440 Story Avenue
Bronx, NY 10473
(40.82117077000049, -73.88113634599966)"
02M374,Gramercy Arts High School,"40 Irving Place
New York, NY 10003
(40.73551946300046, -73.98760424899967)"
17K533,School for Democracy and Leadership,"600 Kingston Avenue
Brooklyn, NY 11203
(40.6595170060005, -73.94254649899966)"
26Q415,Benjamin N. Cardozo High School,"57-00 223Rd Street
Oakland Gardens, NY 11364
(40.75239242400045, -73.75608335799967)"
31R455,Tottenville High School,"100 Luten Avenue
Staten Island, NY 10312
(40.528228767000485, -74.19215369799963)"
25Q263,Flushing International High School,"144-80 Barclay Avenue
Flushing, NY 11355
(40.760414170000445, -73.81837627799968)"
02M449,Vanguard High School,"317 East 67 Street
New York, NY 10065
(40.765445402000466, -73.96021378599966)"
32K552,Academy of Urban Planning,"400 Irving Avenue
Brooklyn, NY 11237
(40.696961848000456, -73.91081593899963)"
06M468,High School for Health Careers and Sciences,"549 Audubon Avenue
New York, NY 10040
(40.855938307000486, -73.92702963399967)"
30Q580,Baccalaureate School for Global Education,"34-12 36 Avenue
Astoria, NY 11106
(40.75517483300047, -73.92682361399966)"
12X684,Wings Academy,"1122 East 180 Street
Bronx, NY 10460
(40.84180522100047, -73.87541771299965)"
22K405,Midwood High School,"2839 Bedford Avenue
Brooklyn, NY 11210
(40.63333549400045, -73.95291606399962)"
25Q670,Robert F. Kennedy Community High School,"75-40 Parsons Boulevard
Fresh Meadows, NY 11366
(40.72560316100049, -73.81072114699964)"
19K618,Academy of Innovative Technology,"999 Jamaica Avenue
Brooklyn, NY 11208
(40.69114396200047, -73.86842605699962)"
02M298,Pace High School,"100 Hester Street
New York, NY 10002
(40.716412393000496, -73.99267584399968)"
08X376,Antonia Pantoja Preparatory Academy: A College Board School,"1980 Lafayette Avenue
Bronx, NY 10473
(40.82230376500047, -73.85596138999966)"
02M500,Unity Center for Urban Technologies,"111 East 33Rd Street
New York, NY 10016
(40.746106375000466, -73.98100966699963)"
02M507,Urban Assembly Gateway School for Technology,"439 West 49Th Street
New York, NY 10019
(40.763361732000476, -73.99050909099964)"
27Q323,Scholars' Academy,"320 Beach 104Th Street
Rockaway Park, NY 11694
(40.58413137400049, -73.82568121199967)"
17K408,Academy of Hospitality and Tourism,"911 Flatbush Avenue
Brooklyn, NY 11226
(40.64943967500045, -73.95843119799963)"
12X278,Peace and Diversity Academy,"1180 Rev. J.A. Polite Ave.
Bronx, NY 10459
(40.82522606000049, -73.89394988899966)"
14K558,Williamsburg High School for Architecture and Design,"257 North 6 Street
Brooklyn, NY 11211
(40.71503755100048, -73.95464995899965)"
02M288,Food and Finance High School,"525 West 50Th Street
New York, NY 10019
(40.76502670800045, -73.99251657799965)"
21K468,Kingsborough Early College School,"2630 Benson Avenue
Brooklyn, NY 11214
(40.59359381100046, -73.98472923199967)"
10X225,Theatre Arts Production Company School,"2225 Webster Avenue
Bronx, NY 10457
(40.85464659900049, -73.89664555299964)"
11X508,Bronxdale High School,"925 Astor Avenue
Bronx, NY 10469
(40.85969831600045, -73.86074140399967)"
11X253,Bronx High School for Writing and Communication Arts,"800 East Gun Hill Road
Bronx, NY 10467
(40.87575421100047, -73.86138783399963)"
02M316,"Urban Assembly School of Business for Young Women, the","26 Broadway
New York, NY 10004
(40.70523493900049, -74.01331503999967)"
25Q525,Townsend Harris High School,"149-11 Melbourne Avenue
Flushing, NY 11367
(40.73440841000047, -73.82141748299966)"
