DBN,Name,frl_percent,ell_percent,sped_percent,asian_per,black_per,hispanic_per,white_per,male_per,female_per,total_enrollment
01M292,HENRY STREET SCHOOL FOR INTERNATIONAL STUDIES,88.6,22.3,24.9,14,29.1,53.8,1.7,61.4,38.6,422
01M448,UNIVERSITY NEIGHBORHOOD HIGH SCHOOL,71.8,21.1,21.8,29.2,22.6,45.9,2.3,57.4,42.6,394
01M450,EAST SIDE COMMUNITY HIGH SCHOOL,71.8,5,26.4,9.7,23.9,55.4,10.4,54.7,45.3,598
01M458,SATELLITE ACADEMY HS @ FORSYTHE STREET,72.8,4,8.9,2.2,34.4,59.4,3.6,43.3,56.7,224
01M509,MARTA VALLE SECONDARY SCHOOL,80.7,11.2,25.9,9.3,31.6,56.9,1.6,46.3,53.7,367
01M539,NEW EXPLORATIONS INTO SCIENCE TECH AND MATH,23,0.2,2.7,27.8,11.7,14.2,44.9,49.2,50.8,1613
01M650,CASCADES HIGH SCHOOL,69.8,3.2,6.9,0.5,45.4,49.5,4.1,39.9,60.1,218
01M696,BARD HIGH SCHOOL EARLY COLLEGE,18,0.2,0.8,15.1,15.1,18.2,49.8,31.3,68.7,617
02M047,47 THE AMERICAN SIGN LANGUAGE AND ENGLISH DUAL L,66.9,8,32.2,1.7,32.2,59.2,6.3,42.5,57.5,174
02M288,FOOD AND FINANCE HIGH SCHOOL,68.4,2.1,18.5,3,44.1,47.6,4.8,45,55,433
02M294,HIGH SCHOOL FOR HISTORY & COMMUNICATION,60.8,3.8,20.4,4.1,27.7,60.6,7.6,53.4,46.6,343
02M296,HIGH SCHOOL OF HOSPITALITY MANAGEMENT,72.4,9.5,14.8,5.3,26.5,66.1,2.1,32.2,67.8,419
02M298,PACE HIGH SCHOOL,56.7,2.2,13.8,10.1,32.4,42,3.9,43.7,56.3,414
02M300,URBAN ASSEMBLY SCHOOL OF DESIGN AND CONSTRUCTION,75.3,10.9,20,6,29.2,59.2,4.9,74.9,25.1,431
02M303,THE FACING HISTORY SCHOOL,75.6,20.8,21.7,0.7,23.5,73.2,2.4,50.6,49.4,451
02M305,THE URBAN ASSEMBLY ACADEMY OF GOVERNMENT AND LAW,68.3,6.1,17,3.8,41.7,50.6,3.5,43.9,56.1,312
02M308,LOWER MANHATTAN ARTS ACADEMY,62.2,3.9,24.7,9.5,30.7,55.7,3.6,39.9,60.1,336
02M313,THE JAMES BALDWIN SCHOOL: A SCHOOL FOR EXPEDITIO,51,4.8,12.9,4,34.3,54.4,6.5,52.4,47.6,248
02M316,THE URBAN ASSEMBLY SCHOOL OF BUSINESS FOR YOUNG,74.9,2.6,15.6,3.4,46.8,48.4,1.3,0,100,378
02M374,GRAMERCY ARTS HIGH SCHOOL,59,3,12.3,2.8,45.3,45.1,6.7,26.3,73.7,495
02M376,NYCISCHOOL,34.6,0.5,10.9,11.5,20.6,43,24,48.7,51.3,433
02M392,MANHATTAN BUSINESS ACADEMY,64,9.9,13.9,6.6,29.5,58.7,4.8,59,41,332
02M393,THE BUSINESS OF SPORTS SCHOOL,58.7,7.6,21.4,1.6,35.5,57.2,4.3,72.4,27.6,304
02M394,EMMA LAZARUS HIGH SCHOOL,97,82.8,0,62.4,7.2,26.4,4,51.2,48.8,250
02M399,THE HIGH SCHOOL FOR LANGUAGE AND DIPLOMACY,80.8,28.3,16.8,44.3,15.6,32.8,5.3,48,52,244
02M400,HIGH SCHOOL FOR ENVIRONMENTAL STUDIES,56.4,7.1,14.4,16.7,14.8,57.2,11.1,50.4,49.6,1394
02M407,INSTITUTE FOR COLLABORATIVE EDUCATION,17.9,0.4,8.8,6.3,10.2,17.6,54.6,55.2,44.8,489
02M408,PROFESSIONAL PERFORMING ARTS HIGH SCHOOL,23.5,2,3.2,7,19.1,23.7,41.8,25.3,74.7,502
02M411,BARUCH COLLEGE CAMPUS HIGH SCHOOL,54.6,1.6,2.3,60.6,5.8,14.6,18.8,44,56,432
02M412,NYC LAB SCHOOL FOR COLLABORATIVE STUDIES,21.6,1.6,15,29.4,8.5,14,45.9,47,53,579
02M413,SCHOOL OF THE FUTURE HIGH SCHOOL,31,2.1,14.6,16,12.3,26,38,50.8,49.2,673
02M414,NYC MUSEUM SCHOOL,51.6,0.5,9.4,33,11.7,39.9,15.4,42.4,57.6,436
02M416,ELEANOR ROOSEVELT HIGH SCHOOL,15.8,0.2,1.2,17.2,5.5,11.6,63.7,32.5,67.5,507
02M418,MILLENNIUM HIGH SCHOOL,32.7,0.2,9.1,30,8.8,21.7,35.9,38.2,61.8,626
02M419,LANDMARK HIGH SCHOOL,83.1,15.7,18.8,5.2,18.1,74.8,1.9,48.5,51.5,421
02M420,HIGH SCHOOL FOR HEALTH PROFESSIONS AND HUMAN SER,68,4,10.9,20.5,24.4,49.7,5.3,29.4,70.6,1768
02M425,LEADERSHIP AND PUBLIC SERVICE HIGH SCHOOL,74.2,5.4,18.6,8.1,30.5,54.2,6.6,46.1,53.9,607
02M427,MANHATTAN ACADEMY FOR ARTS & LANGUAGE,97.5,86.9,6.9,6.3,8,84.6,1.1,54.9,45.1,175
02M429,LEGACY SCHOOL FOR INTEGRATED STUDIES,93.9,8.2,22.4,1.4,45.2,51.4,1.7,49,51,294
02M432,MURRAY HILL ACADEMY,78,7.5,27.1,7.9,41.1,45.3,4.2,53.7,46.3,214
02M437,HUDSON HIGH SCHOOL OF LEARNING TECHNOLOGIES,61.5,8.8,16.4,5.8,23.5,62.4,6.6,60.6,39.4,226
02M438,INTERNATIONAL HIGH SCHOOL AT UNION SQUARE,82.8,94.9,0.6,40.3,12.5,43.2,3.4,61.4,38.6,176
02M439,MANHATTAN VILLAGE ACADEMY,60.3,3.7,8.2,6.3,16.8,71.8,4.9,38.5,61.5,429
02M440,BAYARD RUSTIN EDUCATIONAL COMPLEX,75.5,26,13.5,6.3,27.9,62.5,2.4,63.9,36.1,208
02M449,VANGUARD HIGH SCHOOL,69.5,6.1,17.3,9.9,25.7,59,4.5,46.2,53.8,444
02M459,MANHATTAN INTERNATIONAL HIGH SCHOOL,80.7,77.5,0.3,33.5,14.8,36.9,14.5,44.3,55.7,325
02M460,WASHINGTON IRVING HIGH SCHOOL,66,18.6,17.2,4.8,34.3,58.2,2.3,47.5,52.5,1032
02M475,STUYVESANT HIGH SCHOOL,30.3,0,0.4,72.1,1.2,2.4,23.7,59.3,40.7,3297
02M489,HIGH SCHOOL OF ECONOMICS AND FINANCE,60.8,6.3,11.9,24.8,22.5,43.5,8.8,54.5,45.5,809
02M500,UNITY CENTER FOR URBAN TECHNOLOGIES,83.5,15.6,32.9,3.8,35,55.3,2.5,62.4,37.6,237
02M507,URBAN ASSEMBLY GATEWAY SCHOOL FOR TECHNOLO,60,8.7,19.8,7.1,40.5,46.8,4.8,73.8,26.2,126
02M519,TALENT UNLIMITED HIGH SCHOOL,45.5,0.2,3.5,4.5,36,39.3,19.8,21.4,78.6,491
02M520,MURRY BERGTRAUM HIGH SCHOOL FOR BUSINESS CAREERS,72.7,10.2,14.1,10.5,39.9,46.6,2.3,49.1,50.9,2073
02M529,JACQUELINE KENNEDY ONASSIS HIGH SCHOOL,73,9.8,13.7,5.1,22.7,69.9,1.8,40.6,59.4,724
02M531,REPERTORY COMPANY HIGH SCHOOL FOR THEATRE ARTS,65.3,0.5,5.1,1.4,47.9,42.4,7.4,21.2,78.8,217
02M542,MANHATTAN BRIDGES HIGH SCHOOL,83.5,72.6,1.7,0.2,0,99.8,0,51.4,48.6,541
02M543,NEW DESIGN HIGH SCHOOL,66.1,5.4,17.5,3.8,30.3,62.2,2.6,38.3,61.7,423
02M545,HIGH SCHOOL FOR DUAL LANGUAGE & ASIAN STUDIES,82.6,38.2,2.3,89.5,3.4,4,2.3,51.3,48.7,353
02M550,LIBERTY HIGH SCHOOL ACADEMY FOR NEWCOMERS,79.5,90.2,2,25.7,19.9,42.1,11.8,61,39,397
02M551,NEW YORK HARBOR SCHOOL,73.5,4.2,17.9,2.3,37.4,49.3,10.2,60.9,39.1,430
02M565,URBAN ACADEMY LABORATORY HIGH SCHOOL,32.1,1.3,0,5.1,33.8,38.2,20.4,40.8,59.2,157
02M570,SATELLITE ACADEMY HIGH SCHOOL,72.8,6.5,14.1,1.6,35.1,59.7,2.8,38.7,61.3,248
02M580,RICHARD R. GREEN HIGH SCHOOL OF TEACHING,67,6.4,21.8,2.3,35.1,59.3,2.3,32.6,67.4,610
02M586,HARVEY MILK HIGH SCHOOL,75.7,1.5,22.1,5.9,38.2,39.7,16.2,47.1,52.9,68
02M600,THE HIGH SCHOOL OF FASHION INDUSTRIES,68.3,2.8,11.5,3.8,39.1,52.3,4.1,7.3,92.7,1599
02M605,HUMANITIES PREPARATORY ACADEMY,54,1,6.8,7.3,21.9,57.8,11.5,42.7,57.3,192
02M615,CHELSEA CAREER AND TECHNICAL EDUCATION HIGH SCHO,69.8,6.2,15.7,7.1,29.6,60.5,1.5,65,35,466
02M620,NORMAN THOMAS HIGH SCHOOL,81.1,19.3,15.5,1.6,25.6,70.6,2,52,48,1127
02M625,HIGH SCHOOL OF GRAPHIC COMMUNICATION ARTS,72.7,9.1,17.2,3.1,30.3,63.8,2.6,46.5,53.5,1433
02M630,ART AND DESIGN HIGH SCHOOL,53.3,1.6,11.1,9,26.8,51,12.6,46.7,53.3,1344
02M655,LIFE SCIENCES SECONDARY SCHOOL,70.3,7.9,19.7,3.3,28.6,64.3,2.4,51.6,48.4,717
03M283,MANHATTAN THEATRE LAB HIGH SCHOOL,59.6,8.6,10.5,1.7,46,49.4,2.2,31.8,68.2,409
03M299,HIGH SCHOOL FOR ARTS IMAGINATION AND INQUIRY,66.4,14.4,19.6,1,37.3,58.9,1.4,55.7,44.3,418
03M307,THE URBAN ASSEMBLY SCHOOL FOR MEDIA STUDIES,68.8,12.8,15.3,2.2,37.4,56,3,57.9,42.1,366
03M402,THE URBAN ASSEMBLY SCHOOL FOR GREEN CAREERS,73.2,25.1,21.6,1.8,19.8,76,1.8,56.9,43.1,283
03M403,THE GLOBAL LEARNING COLLABORATIVE,68.4,19.3,19.3,3.6,27.7,62.6,5.9,51.4,48.6,358
03M404,INNOVATION DIPLOMA PLUS,50.4,3.5,10.1,48.7,33.2,16.6,1.5,47.7,52.3,199
03M415,WADLEIGH SECONDARY SCHOOL FOR THE PERFORMING & V,76.6,7.4,18.8,0.4,59.9,38.8,0.8,38.4,61.6,516
03M417,FRANK MCCOURT HIGH SCHOOL,24,0.9,17.4,6.8,18.3,37,37,46.6,53.4,219
03M470,LOUIS D. BRANDEIS HIGH SCHOOL,68.6,27.8,10.7,2.1,29.6,67.4,1,50.5,49.5,291
03M479,BEACON HIGH SCHOOL,18.4,0.2,3.7,8.9,14.6,22.8,49.8,39,61,1162
03M485,FIORELLO H. LAGUARDIA HIGH SCHOOL OF MUSIC & ART,21.7,0.2,1,19.6,12.9,16.6,49.2,26.4,73.6,2605
03M492,HIGH SCHOOL FOR LAW ADVOCACY AND COMMUNITY JUSTI,79.9,10.5,15.5,1.3,46.2,48.1,1.8,40.1,59.9,541
03M494,HIGH SCHOOL OF ARTS AND TECHNOLOGY,79.8,10.4,17.2,5,34.8,57.2,2.3,67.7,32.3,603
03M505,EDWARD A.REYNOLDS WEST SIDE HIGH  SCHOOL,70.5,7.8,23,0.5,34.6,64.4,0.5,44.3,55.7,564
03M541,MANHATTAN/HUNTER SCIENCE HIGH SCHOOL,55.2,1.3,3.8,25.6,21.4,41.5,10.2,41.1,58.9,453
03M860,FREDERICK DOUGLASS ACADEMY II SECONDARY SCHOOL,64.2,5.8,20.8,0.7,77.7,18.9,1.5,54.2,45.8,413
04M409,COALITION SCHOOL FOR SOCIAL CHANGE,71.8,9.7,24.4,0.9,39.3,58.7,0.9,44.4,55.6,349
04M435,MANHATTAN CENTER FOR SCIENCE AND MATHEMATICS,71.6,2.7,5.8,20.1,19.7,57.4,2.2,46.4,53.6,1650
04M495,PARK EAST HIGH SCHOOL,76.8,4.3,10.6,4.9,33.2,59.6,0.3,42.1,57.9,349
04M555,CENTRAL PARK EAST SECONDARY HIGH SCHOOL,70.4,4,13.5,6.5,26.7,64.5,1.6,32.1,67.9,445
04M610,YOUNG WOMEN'S LEADERSHIP SCHOOL,67.3,2.2,6.7,5.1,31.2,60.1,1.6,0,100,449
04M635,ACADEMY OF ENVIRONMENTAL SCIENCE SECONDARY HIGH,62.7,13.5,18.8,4.2,27.6,65.6,2.1,62,38,192
04M680,THE HERITAGE SCHOOL,71.8,6.8,24.8,0.3,28.9,69.4,1,48.6,51.4,294
05M285,HARLEM RENAISSANCE HIGH SCHOOL,67.6,9.5,10.8,0.5,62.2,36.9,0.5,39.2,60.8,222
05M304,MOTT HALL HIGH SCHOOL,78.5,8.7,15.5,0.9,35,63.8,0.2,53.5,46.5,426
05M362,COLUMBIA SECONDARY SCHOOL,46.3,0.6,0.4,11.6,20,48.5,18.4,49.6,50.4,474
05M367,ACADEMY FOR SOCIAL ACTION,67,9.9,21.6,0.5,61.4,38.1,0,48.7,51.3,425
05M369,URBAN ASSEMBLY SCHOOL FOR THE PERFORMING ARTS,77.7,6.1,16.6,0.5,59.1,38.2,0.8,25.4,74.6,374
05M469,CHOIR ACADEMY OF HARLEM,81.9,2,13.3,0.3,76.1,22.5,0.6,39.8,60.2,347
05M499,FREDERICK DOUGLASS ACADEMY,57.6,2.4,8.9,1.2,74.4,22.8,1.3,52.2,47.8,1556
05M670,THURGOOD MARSHALL ACADEMY FOR LEARNING AND SOCIA,65.1,1.4,10,0.2,78.1,20.9,0.2,44.1,55.9,580
05M685,BREAD & ROSES INTEGRATED ARTS HIGH SCHOOL,71.8,17.6,21,0.4,53.2,45.4,0.6,48.9,51.1,524
05M692,HIGH SCHOOL FOR MATHEMATICS SCI AND ENGINEERING,18.5,0,0,36.2,15,21.2,26.1,65.8,34.2,406
06M293,CITY COLLEGE ACADEMY OF THE ARTS,71.6,6.1,13.1,0.7,6,92,1.2,39.6,60.4,586
06M346,COMMUNITY HEALTH ACADEMY OF THE HEIGHTS,78.8,30,17.3,0.2,5.2,93.8,0.8,52.3,47.7,520
06M348,WASHINGTON HEIGHTS EXPEDITIONARY LEARNING SCHOOL,87.5,19.6,18.1,0,2.3,96.7,0.3,55.8,44.2,602
06M423,HIGH SCHOOL FOR EXCELLENCE AND INNOVATION,99.2,19.7,34.3,0,25.8,72.5,0,52.8,47.2,178
06M462,HIGH SCHOOL FOR INTERNATIONAL BUSINESS AND FINAN,89.3,43,13.7,0.5,5.2,91.4,1.4,63.8,36.2,630
06M463,HIGH SCHOOL FOR MEDIA AND COMMUNICATIONS,83.8,26.9,17,1,10.7,87.1,0.5,63.5,36.5,572
06M467,HIGH SCHOOL FOR LAW AND PUBLIC SERVICE,72.5,32,16.7,1,13,84.4,1.3,58.6,41.4,694
06M468,HIGH SCHOOL FOR HEALTH CAREERS AND SCIENCES,90.7,31.2,13.8,0.7,13.7,83.8,1,52.7,47.3,679
06M540,A. PHILIP RANDOLPH CAMPUS HIGH SCHOOL,76.3,2.3,5.5,4,32.8,62.3,0.7,49.9,50.1,1285
06M552,GREGORIO LUPERON HIGH SCHOOL FOR SCIENCE AND MAT,92.8,89.6,0,0,0,99.8,0,48.9,51.1,472
07X221,SOUTH BRONX PREPARATORY: A COLLEGE BOARD SCHOOL,72.9,8.8,19.3,0.6,29.9,68.8,0.5,47.4,52.6,622
07X321,CROTONA ACADEMY HIGH SCHOOL,78.3,2.4,6.5,0.8,42.7,54,0.8,31.5,68.5,124
07X334,INTERNATIONAL COMMUNITY HIGH SCHOOL,77.5,90.1,1.8,4.8,20.1,71.8,2,48.6,51.4,393
07X379,JILL CHAIFETZ TRANSFER HIGH SCHOOL,71.7,3,7.6,0.5,40.9,56.6,1,36.9,63.1,198
07X381,BRONX HAVEN HIGH SCHOOL,64.7,7.8,8.5,0.7,35.9,62.7,0.7,37.3,62.7,153
07X427,COMMUNITY SCHOOL FOR SOCIAL JUSTICE,82.7,13.2,19.7,0.6,32.3,65.5,0.9,49.2,50.8,319
07X473,MOTT HAVEN VILLAGE PREPARATORY HIGH SCHOOL,78.5,9.6,18.5,1.1,22.6,76,0,50.1,49.9,363
07X495,UNIVERSITY HEIGHTS SECONDARY SCHOOL AT BRONX COM,90.1,3.7,5.2,2.6,18.1,78.1,1.3,43.2,56.8,465
07X500,HOSTOSLINCOLN ACADEMY OF SCIENCE,68.3,5.6,11.9,2,24,72.7,0.7,45.2,54.8,538
07X520,FOREIGN LANGUAGE ACADEMY OF GLOBAL STUDIES,89.9,21.9,22.5,3.2,26,68.8,1,45.3,54.7,311
07X522,BRONX DESIGN AND CONSTRUCTION ACADEMY,60,20.3,19.6,2.2,29.7,67.4,0,84.8,15.2,138
07X527,BRONX LEADERSHIP ACADEMY II HIGH SCHOOL,77,14.1,18.5,1.4,41.2,56,1,54,46,502
07X547,NEW EXPLORERS HIGH SCHOOL,90.4,15.7,25.1,0.5,30.3,68.1,0.5,57.7,42.3,383
07X548,ACADEMY FOR CAREERS IN SPORTS,74.3,5,18.7,0.4,26.6,70.4,0.4,84.3,15.7,477
07X551,BRONX ACADEMY OF LETTERS,79.1,9.4,24,0.5,34.1,64.3,0.9,44.5,55.5,555
07X600,ALFRED E. SMITH CAREER AND TECHNICAL EDUCATION H,76.7,9.1,22,1.4,35.9,61.5,0.7,92.7,7.3,738
07X655,SAMUEL GOMPERS CAREER AND TECHNICAL EDUCATION HI,75.7,17,26.1,1.2,32.4,64.9,0.8,79.6,20.4,663
07X670,HEALTH OPPORTUNITIES HIGH SCHOOL,77.8,10.4,19.6,3.1,39.2,56.9,0.5,28.6,71.4,587
08X269,BRONX STUDIO SCHOOL,85.6,9.2,13.4,1.2,22.4,74.8,1,44,56,500
08X282,YOUNG WOMEN'S LEADERSHIP SCHOOL BRONX,72.2,2.6,15.6,2.9,45.9,46.4,2.4,0.3,99.7,379
08X293,RENAISSANCE HIGH SCHOOL OF MUSICAL THEATER & TEC,66.4,4.5,21.7,2.6,25.4,63.8,7.7,38,62,469
08X295,GATEWAY SCHOOL FOR ENVIRONMENTAL RESEARCH AND TE,74.6,11.5,24.1,5.6,33.1,59.4,1,60,40,478
08X305,PABLO NERUDA ACADEMY FOR ARCHITECTURE AND WORLD,75.8,15.9,27.3,2.5,26.2,69.9,1.4,66,34,359
08X312,MILLENNIUM ART ACADEMY,74.2,5.4,20.4,1.8,32.5,64.3,1,49.2,50.8,496
08X332,HOLCOMBE L. RUCKER SCHOOL OF COMMUNITY RESEARCH,79.6,12.6,18,0.9,39.9,56.8,0.6,49.2,50.8,333
08X367,ARCHIMEDES ACADEMY FOR MATH SCIENCE AND TECH,87.3,2.6,22,2.8,35,60.2,2,62,38,500
08X376,ANTONIA PANTOJA PREPARATORY ACADEMY,81.3,7.4,24.1,4.9,27.8,66,0.7,47,53,432
08X377,BRONX COMMUNITY HIGH SCHOOL,73.9,4.5,5,1,33,63.5,1,50.5,49.5,200
08X405,HERBERT LEHMAN HIGH SCHOOL,66.8,9.2,20.9,6.8,23,60.6,9,61.1,38.9,3593
08X432,BRONX BRIDGES HIGH SCHOOL,87.2,79.4,7.7,5.2,8.4,83.2,2.6,52.3,47.7,155
08X452,BRONX GUILD: A NEW YORK CITY OUTWARD BOUND SCHOO,69.2,7.2,23,3.9,33.8,61.3,0.7,49.5,50.5,305
08X519,THE FELISA RINCON DE GAUTIER INSTITUTE FOR LAW A,72.3,14,20.9,1.4,21.8,76,0.6,43,57,363
08X530,BANANA KELLY HIGH SCHOOL,81.9,13.5,25.7,0.7,32.6,65.4,1.1,49.9,50.1,451
08X540,SCHOOL FOR COMMUNITY RESEARCH AND LEARNING,83.8,11,28.3,4.7,28.8,64.9,1,57.1,42.9,191
08X650,JANE ADDAMS HIGH SCHOOL FOR ACADEMIC CAREERS,85.7,11.2,22.2,1.5,36.8,60.8,0.3,28.3,71.7,717
09X227,BRONX EXPEDITIONARY LEARNING HIGH SCHOOL,83.9,29.3,21.1,1.1,27.9,69.3,0.8,50.1,49.9,355
09X231,EAGLE ACADEMY FOR YOUNG MEN,60.4,4,24.2,0.7,63.1,33.8,0.5,100,0,550
09X239,THE URBAN ASSEMBLY ACADEMY FOR HISTORY AND CITIZ,50.2,19.9,27.7,0.7,56.7,40.4,0.7,100,0,141
09X241,URBAN ASSEMBLY SCHOOL FOR APPLIED MATH AND SCIEN,79.5,9.4,14.7,2.6,32,63.4,1.5,49.3,50.7,606
09X250,EXIMIUS COLLEGE PREPARATORY ACADEMY: A COLLEGE B,62.9,8.1,18.8,0.6,40.7,58.1,0.3,46.6,53.4,356
09X252,MOTT HALL BRONX HIGH SCHOOL,58.9,8.8,15.5,1.1,24.3,73.7,0.8,45.8,54,354
09X260,BRONX CENTER FOR SCIENCE AND MATHEMATICS,70,1.6,14,5.9,24.3,68.7,1.1,46.2,53.8,444
09X263,VALIDUS PREPARATORY ACADEMY: AN EXPEDITIONARY LE,76.1,12.1,16.2,1.1,34.2,63.8,0.3,44.1,55.9,365
09X276,LEADERSHIP INSTITUTE,94.8,16.5,16.1,1.7,33,63.5,1.3,52.2,47.8,230
09X297,MORRIS ACADEMY FOR COLLABORATIVE STUDIES,79.1,19.1,22.4,0.4,26,73.1,0.4,53.8,46.2,450
09X324,BRONX EARLY COLLEGE ACADEMY FOR TEACHING & LEARN,79.4,11,16.2,3,32,64.5,0.2,48.5,51.5,493
09X329,DREAMYARD PREPARATORY SCHOOL,80,24.4,19.5,0,26.9,69.9,0.3,44.1,55.9,349
09X365,ACADEMY FOR LANGUAGE AND TECHNOLOGY,85.7,86.6,0.9,0,0.6,99.4,0,48.8,51.2,336
09X403,BRONX INTERNATIONAL HIGH SCHOOL,82.3,87.1,1.2,1,22.8,72.2,3.7,45.7,54.3,403
09X404,SCHOOL FOR EXCELLENCE,81.4,20.7,26.2,0.3,34.5,64.5,0,52.3,47.7,386
09X412,BRONX HIGH SCHOOL OF BUSINESS,77.6,23.2,23.2,0.7,38.7,59.9,0.5,54.9,45.1,401
09X413,BRONX HIGH SCHOOL FOR MEDICAL SCIENCE,76.9,5.7,8.6,5.3,36.7,57.8,0.2,42.2,57.8,455
09X414,JONATHAN LEVIN HIGH SCHOOL FOR MEDIA AND COMMUNI,77.7,38.5,20.9,0.5,22.3,75.4,1.6,53.4,46.6,382
09X505,BRONX SCHOOL FOR LAW GOVERNMENT AND JUSTICE,66.2,6.6,14,2,30.4,66.2,1,45.9,54.1,763
09X517,FREDERICK DOUGLASS ACADEMY III SECONDARY SCHOOL,79.7,6.4,17.7,1.1,56.2,41.4,0.4,51.5,48.5,532
09X525,BRONX LEADERSHIP ACADEMY HIGH SCHOOL,76.9,9.6,20.3,0.7,41.1,57,0,43.3,56.7,705
09X543,HIGH SCHOOL FOR VIOLIN AND DANCE,84.3,8.7,22.3,0.3,36.8,62.5,0,14.6,85.4,323
10X141,RIVERDALE/KINGSBRIDGE ACADEMY (MS/HS 141),39.7,6.7,15.2,8.8,13,53,24.9,51.8,48.2,1337
10X213,BRONX ENGINEERING AND TECHNOLOGY ACADEMY,79.8,15.5,21.4,5.2,29.5,64.2,0.9,82.7,17.3,444
10X225,THEATRE ARTS PRODUCTION COMPANY SCHOOL,67.4,4.4,18.9,1.1,27.3,69.7,1.1,30.9,69.1,524
10X237,THE MARIE CURIE SCHOOL FOR MEDICINE,71.5,6.7,15.6,1.5,35.6,57.4,3.3,16.5,83.5,540
10X243,WEST BRONX ACADEMY FOR THE FUTURE,86.3,13.2,19.5,3.5,24.7,69.5,1.3,57.9,42.1,636
10X268,KINGSBRIDGE INTERNATIONAL HIGH SCHOOL,95.1,88.7,0.4,6.8,5.4,84.7,3,52.3,47.7,497
10X284,BRONX SCHOOL OF LAW AND FINANCE,74.2,7.1,15.2,0.7,31.5,65.2,2.6,56.6,43.4,422
10X319,PROVIDING URBAN LEARNERS SUCCESS IN EDUCATION HI,81.8,5.2,16.4,0,37.6,61.5,0.5,40.4,59.6,213
10X342,INTERNATIONAL SCHOOL OF LIBERAL ARTS,78.3,79.9,4.6,0.2,0,99.8,0,49,51,606
10X368,INTECH ACADEMY (MS/HS 368),77.9,12.1,14.3,4,11.9,81.9,2,48.9,51.1,1126
10X374,KNOWLEDGE AND POWER PREPARATORY ACADEMY INTERNAT,75.3,9.3,11.1,0.9,35.2,59.9,3.1,47.2,52.8,324
10X397,ENGLISH LANGUAGE LEARNERS AND INTERNATIONAL SUPP,92.8,80.4,0,7,16.5,72.5,1.9,55.7,44.3,316
10X433,HIGH SCHOOL FOR TEACHING AND THE PROFESSIONS,88.1,17.8,20.1,2.5,25.2,70.4,1.9,42.3,57.7,473
10X434,BELMONT PREPARATORY HIGH SCHOOL,76.8,11.3,15.7,3.2,29,65.6,1.7,47.2,52.8,407
10X437,FORDHAM HIGH SCHOOL FOR THE ARTS,78.3,12.4,22.5,1.6,35.7,61.5,1.3,43.2,56.8,387
10X438,FORDHAM LEADERSHIP ACADEMY FOR BUSINESS AND TECH,78.9,16.6,20.6,2.7,27.7,67.8,1.3,63.4,36.6,451
10X439,BRONX HIGH SCHOOL FOR LAW AND COMMUNITY SERVICE,80.2,13.4,20.8,2.3,30.8,64.6,0.9,44.4,55.6,432
10X440,DEWITT CLINTON HIGH SCHOOL,74.8,19,14.9,6.7,30.8,59.6,2.1,51.1,48.9,4159
10X442,THE CELIA CRUZ BRONX HIGH SCHOOL OF MUSIC,74.7,3.5,7.8,0.5,27.2,69.5,2.4,40.7,59.3,423
10X445,BRONX HIGH SCHOOL OF SCIENCE,34.2,0.1,0.1,63.5,3.5,7.2,25.4,57.8,42.2,3013
10X475,JOHN F. KENNEDY HIGH SCHOOL,77.8,23.8,20.8,0.7,35.1,62.7,1.4,68.3,31.7,706
10X477,MARBLE HILL HIGH SCHOOL FOR INTERNATIONAL STUDIE,83.9,32.2,6.8,11,23,57.9,7.5,46.7,53.3,456
10X524,CROTONA INTERNATIONAL HIGH SCHOOL,60,97.6,0,2.4,12.9,80,4.7,50.6,49.4,85
10X546,BRONX THEATRE HIGH SCHOOL,73.7,9.4,15.1,0.4,28.8,69,1.8,32.1,67.9,445
10X549,DISCOVERY HIGH SCHOOL,80,20.6,17.8,2.1,20.2,75.6,1.3,52.4,47.6,529
10X660,GRACE DODGE CAREER AND TECHNICAL EDUCATION HIGH,71,18.8,24.1,1.5,30.1,67.1,0.9,40,60,1162
10X696,HIGH SCHOOL OF AMERICAN STUDIES AT LEHMAN COLLEG,20.8,0,1.3,16.7,10.6,18,53.8,53.8,46.2,377
11X249,BRONX HEALTH SCIENCES HIGH SCHOOL,73.9,6.1,7.4,4.8,56.8,36.3,0.5,35.3,64.7,377
11X253,BRONX HIGH SCHOOL FOR WRITING AND COMMUNICATION,72.4,8.5,14.5,2.4,48.3,47.6,1.7,40.8,59.2,422
11X265,BRONX LAB SCHOOL,75.5,3.7,15.8,2.7,37.8,57.3,1.7,59.5,40.5,482
11X270,ACADEMY FOR SCHOLARSHIP AND ENTREPRENEURSHIP: A,63.7,6.3,18.5,2.5,63.7,32,0.7,52,48,606
11X275,HIGH SCHOOL OF COMPUTERS AND TECHNOLOGY,71.8,10.2,20.2,3.6,34.9,59.5,1.3,87.3,12.7,550
11X288,COLLEGIATE INSTITUTE OF MATH AND SCIENCE,67.9,3.3,14,9.2,36.8,46.8,7,57.1,42.9,543
11X290,BRONX ACADEMY OF HEALTH CAREERS,70.8,7.7,19,3.3,52.6,41.2,1,32.7,67.3,483
11X299,ASTOR COLLEGIATE ACADEMY,64.4,7.6,21.7,5.4,35.7,46,11.8,58.6,41.4,498
11X415,CHRISTOPHER COLUMBUS HIGH SCHOOL,59.2,18.3,24.1,5.8,34.9,46.5,12.7,55.2,44.8,727
11X418,BRONX HIGH SCHOOL FOR THE VISUAL ARTS,68.7,5.2,20.9,1.9,29.2,62.3,6.4,58,42,483
11X455,HARRY S TRUMAN HIGH SCHOOL,50.6,9.2,25.1,2,51.8,43.8,1.3,60,40,1773
11X508,BRONXDALE HIGH SCHOOL,60,7.4,12.6,4.2,23.2,56.8,12.6,60,40,95
11X509,HIGH SCHOOL FOR LANGUAGE AND INNOVATION,60,84.2,2.6,14.5,11.8,64.5,7.9,50,50,76
11X513,NEW WORLD HIGH SCHOOL,79.5,80.1,1.5,12.4,13.2,70.4,3.2,50,50,402
11X514,SPORTS PROFESSIONS HIGH SCHOOL,66.7,7,20.9,1.9,58.2,37.3,1,61.3,38.7,416
11X541,GLOBAL ENTERPRISE HIGH SCHOOL,80.3,14.4,17.8,4.1,35.9,54.1,5.6,56.7,43.3,270
11X542,PELHAM PREPARATORY ACADEMY,61,2.2,14.2,2.4,40.2,49.7,6.9,48.1,51.9,507
11X544,HIGH SCHOOL FOR CONTEMPORARY ARTS,71.9,10.2,21.3,1,37.2,59.9,1,55.3,44.7,479
11X545,BRONX AEROSPACE ACADEMY,45.6,14.7,25.7,2.2,23.8,72.6,1.2,82.5,17.5,416
12X242,MOTT HALLL V,80.1,12.2,22,3.8,24.1,70.4,0.8,45.5,54.5,477
12X245,NEW DAY ACADEMY,87,11,23,1,45.5,53.4,0,48.2,51.8,191
12X248,THE METROPOLITAN HIGH SCHOOL,86.6,21.8,20.9,1.8,24.2,72.9,0.9,54,46,339
12X251,EXPLORATIONS ACADEMY,76.4,19.9,21.3,1.7,31.2,65.5,1.4,50.8,49.2,362
12X262,BRONX HIGH SCHOOL FOR PERFORMANCE & STAGECRAFT,61.9,10,28.1,1.2,39.2,57.7,0.8,24.6,75.4,260
12X267,BRONX LATIN,79.3,13.6,21.5,0.2,25.6,73.2,1,49.8,50.2,418
12X271,EAST BRONX ACADEMY FOR THE FUTURE,86.2,11.6,24.1,1.9,29.4,68.3,0.2,53,47,619
12X278,PEACE AND DIVERSITY ACADEMY,78.8,13.9,17.3,1.7,43.7,53.7,0.9,45,55,231
12X372,URBAN ASSEMBLY SCHOOL FOR WILDLIFE CONSERVATION,63.7,10.3,17.3,5,23.9,67.8,3,52.5,47.5,398
12X388,PAN AMERICAN INTERNATIONAL HIGH SCHOOL AT MONROE,100,92.9,0.2,0,0,99.8,0,51.5,48.5,406
12X446,SATELLITE ACADEMY HS @ BRONX REGIONAL HS,62.1,4.8,9.2,0.4,41.2,57,0,33.3,66.7,228
12X478,THE CINEMA SCHOOL,75.9,4,4,4.5,28.7,65,1.8,40.8,59.2,223
12X479,BRONX CAREER AND COLLEGE PREPARATORY HIGH SCHOOL,72.2,16.8,27.5,2.5,37.3,59.8,0.4,44.3,55.7,244
12X511,BRONX ENVISION ACADEMY,60,11.3,18.3,4.2,32.4,60.6,2.8,46.5,53.5,71
12X521,THE METROPOLITAN SOUNDVIEW HIGH SCHOOL,60,16.7,11.5,1,26,69.8,1,52.1,47.9,96
12X550,HIGH SCHOOL OF WORLD CULTURES,90.6,86.4,0.5,2.4,10.8,84.6,0.5,52,48,369
12X682,FANNIE LOU HAMER FREEDOM HIGH SCHOOL,81.1,11.5,26.2,0.2,30.6,68.8,0.2,54.1,45.9,477
12X684,WINGS ACADEMY,66.4,4.5,22.3,1.3,55,42.2,1.3,53.7,46.3,538
12X690,MONROE ACADEMY FOR BUSINESS/LAW,80.8,14.9,18.5,2.4,26.9,69.1,0.4,60.6,39.4,249
12X692,MONROE ACADEMY FOR VISUAL ARTS,87.3,28.8,20.8,0.9,20.4,77.5,1.3,52.6,47.4,466
13K265,JHS 265 SUSAN S. MCKINNEY,71.1,4.3,20.3,0.5,72,24.6,1.8,37,63,443
13K336,THE URBAN ASSEMBLY ACADEMY OF BUSINESS AND COMMU,59.1,3.1,21.3,2.7,88.9,7.1,0.4,99.6,0.4,225
13K350,THE URBAN ASSEMBLY SCHOOL OF MUSIC AND ART,74.1,4.6,22.5,1.9,73.3,22.7,0.9,42.7,57.3,431
13K412,BROOKLYN COMMUNITY HIGH SCHOOL OF COMMUNICATIONS,68.9,2.4,18,0.6,79.2,17.1,1.3,45.5,54.5,462
13K419,SCIENCE SKILLS CENTER HIGH SCHOOL FOR SCIENCE,60.7,7,13.7,7.2,77.8,12.2,2.1,56.1,43.9,517
13K430,BROOKLYN TECHNICAL HIGH SCHOOL,50.7,0.1,0.5,60.3,10.2,7.9,21.3,58.3,41.7,5332
13K439,BROOKLYN INTERNATIONAL HIGH SCHOOL,80,83.1,0,42.5,20.2,28.6,8.7,48.2,51.8,367
13K483,THE URBAN ASSEMBLY SCHOOL FOR LAW AND JUSTICE,60.5,0.9,13.3,0.9,79.1,17.1,1.1,39.6,60.4,450
13K499,ACORN COMMUNITY HIGH SCHOOL,81,2.9,18.6,1.2,84.7,12.2,0.8,55.8,44.2,731
13K509,FREEDOM ACADEMY HIGH SCHOOL,68,1.8,14.2,1.4,82.1,15.1,0.9,43.6,56.4,218
13K527,URBAN ASSEMBLY INSTITUTE OF MATH AND SCIENCE FOR,62.2,1.5,13.2,5.1,79.3,11.7,2.6,0,100,469
13K575,BEDFORD STUYVESANT PREPARATORY HIGH SCHOOL,74.6,0.7,0,0,83.6,12.5,2,35.5,64.5,152
13K595,BEDFORD ACADEMY HIGH SCHOOL,46.7,1.1,4.1,2.7,89.4,7.1,0.3,49,51,367
13K605,GEORGE WESTINGHOUSE CAREER AND TECHNICAL EDUCATI,65,1.9,14.1,2.8,79.8,15.3,1.3,75.5,24.5,927
13K616,BROOKLYN HIGH SCHOOL FOR LEADERSHIP AND COMMUNIT,63.9,2.4,7.5,0.5,68.4,28.3,1.4,49.5,50.5,212
13K670,BENJAMIN BANNEKER ACADEMY,47.4,0,3,2.7,87,8.8,0.4,46.1,53.9,895
13K674,CITY POLYTECHNIC HIGH SCHOOL OF ENGINEERING,61.9,3.6,15.8,7.5,58.2,26.3,4.5,79.4,20.6,335
14K071,JUAN MOREL CAMPOS SECONDARY SCHOOL,76.6,24.9,26.7,0.2,15.3,80.6,3.4,54.7,45.3,865
14K322,FOUNDATIONS ACADEMY,78.7,5.7,28.4,1.4,66.7,29.8,1.4,56.7,43.3,141
14K404,ACADEMY FOR YOUNG WRITERS,65.3,2.5,12.7,0.7,63.5,32.2,3,24.2,75.7,400
14K449,BROOKLYN LATIN,53.3,0.4,1.1,36.8,26.7,17.9,14.5,54.9,45.1,468
14K454,GREEN SCHOOL: AN ACADEMY FOR ENVIRONMENTAL CAREE,72.9,11.5,15.3,2,47.7,46.9,2.6,46.2,53.8,392
14K474,PROGRESS HIGH SCHOOL FOR PROFESSIONAL CAREERS,84.8,16.1,13,0.7,32.6,65.4,1,48.5,51.5,1068
14K477,SCHOOL FOR LEGAL STUDIES,65.6,5.7,13,0.9,57.7,39.3,1.7,45.8,54.2,759
14K478,ENTERPRISE BUSINESS AND TECH HS,74.2,9.9,13.2,3.2,39.3,55.4,1.9,65.7,34.3,976
14K488,BROOKLYN PREPARATORY HIGH SCHOOL,80.3,2.7,18.8,1.7,58.7,37.7,1,47.7,52.2,400
14K558,WILLIAMSBURG HIGH SCHOOL FOR ARCHITECTURE AND DE,82.6,7,17.6,1.4,38.4,57.2,2.2,72.6,27.4,500
14K561,WILLIAMSBURG PREPARATORY SCHOOL,81,2.8,12.7,1.6,25.5,61.5,11.1,51,49,577
14K586,LYONS COMMUNITY SCHOOL,78.6,14.6,22,1.1,41.7,54.6,2.1,53.7,46.3,527
14K610,AUTOMOTIVE HIGH SCHOOL,67.1,4.7,30.3,1.4,66.1,30.2,1.7,95.6,4.4,723
14K614,YOUNG WOMEN'S LEADERSHIP SCHOOL OF BROOKLYN,63.3,3.2,14.4,1.6,65.6,30.4,0.4,0,100,250
14K632,FRANCES PERKINS ACADEMY,86.9,9.8,24.9,0,64.7,31.2,4,76.9,23.1,173
14K685,EL PUENTE ACADEMY FOR PEACE AND JUSTICE,80.4,17,23.4,1.8,10.1,87.6,0.5,42.7,57.3,218
15K423,BROOKLYN FRONTIERS HIGH SCHOOL,60,1.2,30.9,0,67.9,29.6,2.5,40.7,59.3,81
15K429,BROOKLYN SCHOOL FOR GLOBAL STUDIES,68.2,5.9,25.4,2.3,54.5,39,3.4,56.2,43.8,354
15K448,BROOKLYN SECONDARY SCHOOL FOR COLLABORATIVE STUD,57.2,4.5,29.2,4.3,34.2,48.1,12.6,59.1,40.9,692
15K462,SECONDARY SCHOOL FOR LAW,76.1,6.3,12.7,2.5,62.4,29.6,5.5,44.2,55.8,473
15K463,SECONDARY SCHOOL FOR JOURNALISM,77,16.7,13.4,9.2,42,43.2,5.4,42.3,57.7,336
15K464,SECONDARY SCHOOL FOR RESEARCH,78,9.6,16.5,8.6,33.2,51.8,5.3,52.8,47.2,394
15K497,SCHOOL FOR INTERNATIONAL STUDIES,68.1,14.6,15.2,6.2,40.9,38.9,14,50.8,49.2,486
15K519,COBBLE HILL SCHOOL OF AMERICAN STUDIES,73.4,7.5,18.9,5.1,71.5,21,2.3,43.9,56.1,663
15K530,METROPOLITAN CORPORATE ACADEMY HIGH SCHOOL,68.2,1.1,17.2,0.5,80.6,16.7,0,50,50,186
15K656,BROOKLYN HIGH SCHOOL OF THE ARTS,59.3,0.1,7.2,1.8,76.5,19,2.2,33.9,66.1,678
15K667,SUNSET PARK HIGH SCHOOL,79.9,14.4,22.3,4.7,7.8,80.8,6.7,50.7,49.3,988
15K684,MILLENNIUM BROOKLYN HS,60,0,3.7,18.7,22.4,24.3,33.6,42.1,57.9,107
15K698,SOUTH BROOKLYN COMMUNITY HIGH SCHOOL,74,2,6,0.7,21.5,72.5,4,45,55,149
16K393,FREDERICK DOUGLASS ACADEMY IV SECONDARY SCHOOL,71,1.4,17.1,0.9,83.6,14.1,0.5,48.7,51.3,439
16K455,BOYS AND GIRLS HIGH SCHOOL,61.7,2.5,20.5,0.5,90,7.8,0.7,61.7,38.3,1631
16K498,ACORN HIGH SCHOOL FOR SOCIAL JUSTICE,74.5,4.7,20.7,1,72.8,24.9,0,51.6,48.4,405
16K594,GOTHAM PROFESSIONAL ARTS ACADEMY,58.6,2.4,17.3,1,78.6,19.4,0.7,43.2,56.8,294
16K688,THE BROOKLYN ACADEMY OF GLOBAL FINANCE,57.4,6.3,20.8,1.9,74.2,20.8,2.5,51.6,48.4,159
17K122,PATHWAYS IN TECHNOLOGY EARLY COLLEGE HIGH,60,1.9,12.5,4.8,76,16.3,2.9,67.3,32.7,104
17K382,ACADEMY FOR COLLEGE PREPARATION AND CAREER EXPLO,57,5,10.8,0.2,92,6.7,1.1,53.8,46.2,565
17K408,ACADEMY OF HOSPITALITY AND TOURISM,65.5,12.9,15.4,1.6,84.3,12.9,0.9,49.8,50.2,319
17K489,W.E.B. DUBOIS ACADEMIC HIGH SCHOOL,70.3,0.5,11.1,1,93.5,4,0.5,45.7,54.3,199
17K524,INTERNATIONAL HIGH SCHOOL AT PROSPECT HEIGHTS,80.9,91,1,28.4,29.2,27.9,14.2,59.1,40.9,401
17K528,THE HIGH SCHOOL FOR GLOBAL CITIZENSHIP,68.7,5.2,13.4,1.5,89.2,7.3,1.5,50.1,49.9,343
17K531,THE SCHOOL FOR HUMAN RIGHTS,73.2,6.2,15,0.8,88.9,8.3,1.6,51.6,48.4,386
17K533,SCHOOL FOR DEMOCRACY AND LEADERSHIP,68.3,3.7,14.5,0.5,89.4,8.4,1.5,52,48,406
17K537,HIGH SCHOOL FOR YOUTH AND COMMUNITY DEVELOPMENT,60.9,9.1,15.8,1,87.3,9.1,1,61.6,38.4,385
17K539,HIGH SCHOOL FOR SERVICE & LEARNING AT ERASMUS,65.3,8.8,19.2,2.1,87,9,1.7,63.3,36.7,422
17K543,SCI TECHNOLOGY AND RESEARCH EARLY COLLEGE HIGH,63.3,0,2.3,3.1,83.9,9.4,1.3,53,47,521
17K544,INTERNATIONAL ARTS BUSINESS SCHOOL,69.3,7.9,17.4,0.8,86.9,10,1.3,47.9,52.1,390
17K546,HIGH SCHOOL FOR PUBLIC SERVICE: HEROES OF TOMORR,70.3,0.5,4.1,3.6,82.5,12.2,0.7,24.9,75.1,417
17K547,BROOKLYN ACADEMY OF SCIENCE AND THE ENVIRONMENT,80.9,6.8,11.9,4,79.6,14.2,1.5,54.4,45.6,471
17K548,BROOKLYN SCHOOL FOR MUSIC & THEATRE,60.5,0.5,12.1,1,82.8,15.3,1,32.8,67.2,412
17K590,MIDDLE COLLEGE HIGH SCHOOL AT MEDGAR EVERS COLLE,59.1,0,0.5,0.9,95.7,2.8,0,41.8,58.2,1104
17K600,CLARA BARTON HIGH SCHOOL,73,8.3,12.7,1.8,91.2,5.8,0.7,23.8,76.2,1608
17K625,PAUL ROBESON HIGH SCHOOL,77.9,3.4,25.5,0.9,87.1,9.5,1.5,54.9,45.1,326
17K751,ACADEMY FOR HEALTH CAREERS,87.7,8,15.2,3.6,81.2,13.8,1.4,27.5,72.5,138
18K563,ITAVA IT TAKES A VILLAGE ACADEMY,76.5,30.4,11.5,1.8,92.9,4.5,0.5,49,51,382
18K566,BROOKLYN GENERATION SCHOOL,60.5,5.7,19.6,1.5,88.8,8.5,0.9,61,39,331
18K567,BROOKLYN THEATRE ARTS HIGH SCHOOL,67.8,5,18.6,0.5,84.3,12.8,2.1,36.1,63.9,382
18K569,KURT HAHN EXPEDITIONARY LEARNING SCHOOL,62.6,9.5,20.1,0,88.1,8.8,1.7,64.3,35.7,294
18K576,VICTORY COLLEGIATE HIGH SCHOOL,64.1,5.2,16.6,0.3,93.5,5.8,0,48.9,51.1,325
18K578,BROOKLYN BRIDGE ACADEMY,65,2.8,11.1,0.9,88,9.2,0.9,58.5,41.5,217
18K589,ARTS & MEDIA PREPARATORY ACADEMY,54.4,3.4,17.4,0.7,89.4,9.6,0,47.4,52.6,293
18K617,HIGH SCHOOL FOR INNOVATION IN ADVERTISING AND ME,61.3,8.1,18.1,1.3,85.8,10.6,1.3,66.5,33.5,310
18K629,CULTURAL ACADEMY FOR THE ARTS AND SCIENCES,71.6,7.7,18.4,1.3,86.6,11.4,0.7,51.5,48.5,299
18K633,HIGH SCHOOL FOR MEDICAL PROFESSIONS,75.2,3.3,10.4,1.7,85,12.4,0.2,21.5,78.5,460
18K635,OLYMPUS ACADEMY,51.1,1.5,9.4,1,86.2,11.3,1,50.2,49.8,203
18K637,ACADEMY FOR CONSERVATION AND THE ENVIRONMENT,54.5,6.9,16.8,2.2,83.9,12,1.5,54.7,45.3,274
18K642,URBAN ACTION ACADEMY,76.4,11.1,12.5,2.3,82.3,10.5,3.9,62.6,37.4,305
18K673,EAST BROOKLYN COMMUNITY HIGH SCHOOL,56.7,0.5,8.9,1,88.7,9.4,0.5,52.2,47.8,203
19K409,EAST NEW YORK FAMILY ACADEMY,72.2,0.5,2.1,0.5,67.2,30.3,1.4,43.2,56.8,433
19K420,FRANKLIN K LANE HIGH SCHOOL,64.3,38.4,12.5,4.5,11.6,82.1,1.8,51.8,48.2,112
19K502,FDNY HIGH SCHOOL FOR FIRE AND LIFE SAFETY,70.9,5,21,1,73.8,23.4,1.6,81.1,18.9,381
19K504,HIGH SCHOOL FOR CIVIL RIGHTS,60.5,9.7,16.2,2,74.3,22.2,1,54.4,45.6,401
19K507,PERFORMING ARTS AND TECHNOLOGY HIGH SCHOOL,76,4.9,19.6,0.7,81.5,17.4,0,51.4,48.6,453
19K510,WORLD ACADEMY FOR TOTAL COMMUNITY HEALTH HIGH SC,72.6,4.2,14.7,2.1,81.1,14.2,1.3,36.8,63.2,380
19K583,MULTICULTURAL HIGH SCHOOL,73.4,94.6,1,0,0.2,99.8,0,49.8,50.2,406
19K615,TRANSIT TECH CAREER AND TECHNICAL EDUCATION HIGH,62.3,2.4,14.2,4.4,70.5,23.2,1.5,84.1,15.9,1317
19K618,ACADEMY OF INNOVATIVE TECHNOLOGY,75.8,12.1,19.3,7.4,38.4,50.2,3,70.3,29.7,404
19K639,BROOKLYN LAB SCHOOL,76,15.4,19.4,1.5,30.7,65,1.3,58.4,41.6,397
19K659,CYPRESS HILLS COLLEGIATE PREPARATORY SCHOOL,67.1,16.2,11.7,8.2,16.9,73.2,1.4,47.8,52.2,437
19K660,W. H. MAXWELL CAREER AND TECHNICAL EDUCATION HIG,73.3,5.3,26.6,0.5,71.9,25.4,0.7,29.8,70.2,590
19K683,THE SCHOOL FOR CLASSICS: AN ACADEMY OF THINKERS,81.9,9,17.7,10,54.3,34.7,0.6,37.6,62.4,311
20K445,NEW UTRECHT HIGH SCHOOL,59,23,15.6,35.9,5.5,28,30.5,59.3,40.7,3276
20K485,HIGH SCHOOL OF TELECOMMUNICATION ARTS AND TECHNO,67.3,4.9,19.4,19.2,9.5,54.1,16.8,53.5,46.5,1280
20K490,FORT HAMILTON HIGH SCHOOL,45.9,21.2,12.8,30.3,5,30.2,34.2,53.4,46.6,4275
20K505,FRANKLIN DELANO ROOSEVELT HIGH SCHOOL,74.3,39.4,10.8,44.2,9.4,27.3,18.6,58.4,41.6,3108
20K609,URBAN ASSEMBLY SCHOOL FOR CRIMINAL JUSTICE,82.7,15.5,17.1,35,33.7,21.9,9.1,0,100,374
21K337,INTERNATIONAL HIGH SCHOOL AT LAFAYETTE,73.8,89.2,0.3,42,14,21,22.7,58.9,41.1,343
21K344,RACHEL CARSON HIGH SCHOOL FOR COASTAL STUDIES,70.4,11,16,12.3,24.1,25.8,37.6,53.6,46.4,481
21K348,HIGH SCHOOL OF SPORTS MANAGEMENT,69.2,2.4,14.6,2.7,68.4,23,5.9,88.9,11.1,370
21K410,ABRAHAM LINCOLN HIGH SCHOOL,53.3,16.7,11.5,19.3,35.1,20.1,25.1,56.4,43.6,2595
21K468,KINGSBOROUGH EARLY COLLEGE SCHOOL,70,2.8,15.7,7.2,25,22.7,44.7,57.8,42.2,472
21K525,EDWARD R. MURROW HIGH SCHOOL,28.5,9.1,14.1,27.1,24.1,17.6,30.8,42.4,57.6,4022
21K540,JOHN DEWEY HIGH SCHOOL,58.7,19.6,8.7,39.1,30.6,19.1,10.8,51.5,48.5,2168
21K559,LIFE ACADEMY HIGH SCHOOL FOR FILM AND MUSIC,72,4.8,20.3,4.8,44.6,29.9,20.3,51,49,251
21K572,EXPEDITIONARY LEARNING SCHOOL FOR COMMUNITY LEAD,64.4,21.7,16.4,19.5,19.5,41.2,19.5,51.3,48.7,226
21K620,WILLIAM E. GRADY CAREER AND TECHNICAL EDUCATION,74.3,3.1,22.7,3.2,74.9,14,6.9,78,22,956
21K690,BROOKLYN STUDIO SECONDARY SCHOOL,49.9,8.4,18.7,12.8,7.2,23.1,56.5,50.1,49.9,876
21K728,LIBERATION DIPLOMA PLUS,82.3,1.6,6.3,2.6,44,37.7,15.2,41.9,58.1,191
22K405,MIDWOOD HIGH SCHOOL,41.2,3.7,5.2,31.7,35.2,11.7,21.2,45.3,54.7,3842
22K425,JAMES MADISON HIGH SCHOOL,58.3,13.2,12.4,20.8,17.9,14.5,46.4,54.4,45.6,3076
22K495,SHEEPSHEAD BAY HIGH SCHOOL,53.1,21.7,13.1,12,61.8,15.8,10.1,53.2,46.8,1928
22K535,LEON M. GOLDSTEIN HIGH SCHOOL FOR THE SCIENCES,29,0.5,7.3,13.5,9.4,10.8,65.6,41.2,58.8,1022
22K555,BROOKLYN COLLEGE ACADEMY,48.4,0.2,1.7,5.9,77.9,12.4,2.7,36.3,63.7,630
23K493,BROOKLYN COLLEGIATE: A COLLEGE BOARD SCHOOL,74.5,1.6,12.1,1.9,88.1,8.3,0.5,50.7,49.3,580
23K514,FREDERICK DOUGLASS ACADEMY VII HIGH SCHOOL,66.9,1.4,20.3,0.8,88.5,10.4,0,48.5,51.5,365
23K643,BROOKLYN DEMOCRACY ACADEMY,62.3,2.4,16.1,1.5,85.9,11.7,0.5,47.8,52.2,205
23K644,EAGLE ACADEMY FOR YOUNG MEN II,67,3,24.1,0,87.8,11.3,0.6,100,0,336
23K646,ASPIRATIONS DIPLOMA PLUS HIGH SCHOOL,72.5,2.2,7.3,1.5,77.8,20,0.4,46.2,53.8,275
23K647,METROPOLITAN DIPLOMA PLUS HIGH SCHOOL,72.1,1.1,8.8,0,86.2,13.8,0,48.6,51.4,181
23K697,TEACHERS PREPARATORY HIGH SCHOOL,69.8,1.8,11,0.7,84.8,13.1,1.2,34.1,65.9,566
24Q264,ACADEMY OF FINANCE AND ENTERPRISE,62.8,7.9,9.8,17.9,9.8,56.4,15.2,49.3,50.7,420
24Q267,HIGH SCHOOL OF APPLIED COMMUNICATION,66.9,10.3,16.2,13.9,12.9,57.2,16,43.8,56.2,388
24Q293,CIVIC LEADERSHIP ACADEMY,71,9.1,18.5,7.8,9.1,79.3,3.3,44.5,55.5,449
24Q296,PAN AMERICAN INTERNATIONAL HIGH SCHOOL,78.3,91.3,0.8,0,0,100,0,47.8,52.2,366
24Q299,BARD HIGH SCHOOL EARLY COLLEGE II,39.2,0.3,0,32,16.2,21.2,30.3,39.3,60.7,631
24Q455,NEWTOWN HIGH SCHOOL,56.2,30,10.3,24.6,9.3,60.3,5.3,57.5,42.5,2572
24Q485,GROVER CLEVELAND HIGH SCHOOL,41.4,21.6,12.7,9.1,4.4,63.5,22.7,55,45,2069
24Q520,MIDDLE COLLEGE HIGH SCHOOL AT LAGUARDIA COMMUNIT,58.9,0.2,13.1,7.8,9.5,71.4,11.3,52.9,47.1,497
24Q530,INTERNATIONAL HIGH SCHOOL AT LAGUARDIA COMMUNITY,75.7,76.5,0,43,2,44,10.3,46,54,493
24Q550,HIGH SCHOOL FOR ARTS AND BUSINESS,69.6,13.3,12.2,9.1,8.3,79.2,3,43.1,56.9,828
24Q560,ROBERT F. WAGNER JR.,60.5,3.8,12.3,20.8,6.2,62.4,10.5,46.6,53.4,601
24Q585,MASPETH HIGH SCHOOL,40,5.2,8.1,19.8,4.8,46,29,46.8,53.2,248
24Q600,QUEENS VOCATIONAL AND TECHNICAL HIGH SCHOOL,71.9,6.4,13.7,10.2,6.9,74.2,8.7,60.3,39.7,1368
24Q610,AVIATION CAREER & TECHNICAL EDUCATION HIGH SCHOO,61.2,3.2,5.3,27.1,6.8,55.3,10.1,85.3,14.7,2201
24Q744,VOYAGES PREPARATORY,59.1,3.6,6,8.1,23,61.7,6.9,50.4,49.6,248
25Q252,THE QUEENS SCHOOL OF INQUIRY,41.3,2.7,11.8,40.2,17,24.2,18.1,46.7,53.3,587
25Q263,FLUSHING INTERNATIONAL HIGH SCHOOL,84.1,88.6,0.7,64.5,1.2,32.7,1.7,57.3,42.7,422
25Q281,EASTWEST SCHOOL OF INTERNATIONAL STUDIES,53.3,13.6,9.4,62.7,14.8,17.9,3.4,54.1,45.9,616
25Q285,WORLD JOURNALISM PREPARATORY: A COLLEGE BOARD SC,33.5,0.8,17.8,19.3,8.4,20.3,51.6,42.2,57.8,595
25Q425,JOHN BOWNE HIGH SCHOOL,68.2,24.7,9.8,34.3,19.2,40.7,5.2,49.2,50.8,3660
25Q460,FLUSHING HIGH SCHOOL,67.6,20,11.7,19.9,26.5,49.8,3.2,55.8,44.2,3113
25Q525,TOWNSEND HARRIS HIGH SCHOOL,29.2,0,0.2,55.5,5.9,12.9,24.6,28.9,71.1,1140
25Q670,ROBERT F. KENNEDY COMMUNITY HIGH SCHOOL,46.4,7.5,18.4,28.4,11.5,35.4,24.5,53.8,46.2,721
25Q792,NORTH QUEENS COMMUNITY HIGH SCHOOL,54.1,1.5,11.6,10.1,42.4,33.3,14.1,45.5,54.5,198
26Q415,BENJAMIN N. CARDOZO HIGH SCHOOL,37.3,6.1,11.5,45.7,18.4,18.6,16.8,47.4,52.6,3912
26Q430,FRANCIS LEWIS HIGH SCHOOL,51.6,13.2,12.3,51.9,8.3,24.1,15.5,49.2,50.8,4152
26Q435,MARTIN VAN BUREN HIGH SCHOOL,38.2,9.9,11.5,24.1,56.4,15.1,2.9,54.3,45.7,2390
26Q495,BAYSIDE HIGH SCHOOL,52.4,5.7,10.6,45.2,12.7,22.3,19.6,49.4,50.6,3308
26Q566,QUEENS HIGH SCHOOL OF TEACHING,39.5,2.5,13.9,23.8,46.3,16.8,12.3,45.8,54.2,1196
27Q260,FREDERICK DOUGLASS ACADEMY VI HIGH SCHOOL,57.1,4,13.9,3.8,67,27,1.3,52.6,47.4,445
27Q262,CHANNEL VIEW SCHOOL FOR RESEARCH,58,1.3,10.5,5.7,55.2,27.5,11.2,51.1,48.9,636
27Q302,QUEENS HIGH SCHOOL FOR INFORMATION RESEARCH,75.7,10.6,16.1,4.2,60.3,30,4.5,54.5,45.5,310
27Q308,ROBERT H. GODDARD HIGH SCHOOL OF COMMUNICATION A,66.4,3.6,15.9,26.8,7.6,42.6,21.8,48.1,51.9,578
27Q309,ACADEMY OF MEDICAL TECHNOLOGY: A COLLEGE BOARD S,64.2,10.6,14,9.1,52.6,34.2,3.2,43.8,56.2,527
27Q323,THE SCHOLARS ACADEMY,35.9,0,1,22,19.2,15.9,41.6,43.9,56.1,1062
27Q324,ROCKAWAY PARK HIGH SCHOOL FOR ENVIRONMENTAL SUST,74.4,7.9,18.7,3.9,50.7,28.6,15.3,59.6,40.4,203
27Q351,ROCKAWAY COLLEGIATE HIGH SCHOOL,60,8.2,23.5,6.1,53.1,28.6,4.1,54.1,45.9,98
27Q400,AUGUST MARTIN HIGH SCHOOL,65.1,4.3,16.5,6.2,79.9,11.5,1.7,55.2,44.8,1029
27Q410,BEACH CHANNEL HIGH SCHOOL,65.5,11.3,21.8,2,46.8,44.3,6.3,57.5,42.5,684
27Q475,RICHMOND HILL HIGH SCHOOL,61.8,17.4,13.7,32.9,16.8,46.4,3.2,53,47,2585
27Q480,JOHN ADAMS HIGH SCHOOL,75.5,16,12.1,27.5,27.7,37.1,3.6,54.5,45.5,3386
27Q650,THE HIGH SCHOOL FOR CONSTRUCTION TRADES,53.7,0.4,5.8,30.7,11.3,41.6,15.4,67.3,32.7,924
28Q157,JHS 157 STEPHEN A HALSEY,44.6,15.2,17.7,21.6,11.5,22.7,44,52.4,47.6,1247
28Q284,YORK EARLY COLLEGE ACADEMY,60.2,0,9.6,23.5,64.2,10.2,0.6,51.1,48.9,489
28Q310,QUEENS COLLEGIATE: A COLLEGE BOARD SCHOOL,61.5,8.1,12.3,27,49,18.5,3,49.9,50.1,529
28Q325,HILLSIDE ARTS & LETTERS ACADEMY,65.6,12.5,11,28,39,21,6.5,47,53,200
28Q328,HIGH SCHOOL FOR COMMUNITY LEADERSHIP,75.3,26,13,19.2,39,33.9,5.6,50.8,49.2,177
28Q338,SATELLITE ACADEMY HS @ JAMAICA LEARNING CENTER,74.5,2,6,2.4,61.4,17.5,10,45.4,54.6,251
28Q350,JAMAICA GATEWAY TO THE SCIENCES,60,4.5,7.1,45.1,36.6,15.2,2.7,46.4,53.6,224
28Q440,FOREST HILLS HIGH SCHOOL,41.2,8.9,11.3,26.5,9,30.2,33.7,48.1,51.9,3834
28Q470,JAMAICA HIGH SCHOOL,55.8,29.4,14,31,41.7,25.9,1.1,58.9,41.1,564
28Q505,HILLCREST HIGH SCHOOL,65,15,9,36.5,36.6,22.8,2.9,46.1,53.9,3103
28Q620,THOMAS A. EDISON CAREER AND TECHNICAL EDUCATION,54.3,1.4,11.4,50.9,23.7,21.1,3.2,65.1,34.9,2252
28Q680,QUEENS GATEWAY TO HEALTH SCIENCES SECONDARY SCHO,55.8,0.1,1.7,36.5,44.8,15.7,2.7,38.1,61.9,783
28Q686,QUEENS METROPOLITAN HIGH SCHOOL,47.3,3.6,16,12.1,4.8,38.6,40.4,49.6,50.4,663
28Q687,QUEENS HIGH SCHOOL FOR SCIENCES AT YORK COLLEGE,25.6,0.2,0.2,74.4,10.5,7.9,6.7,56.5,43.5,418
28Q690,HIGH SCHOOL FOR LAW ENFORCEMENT AND PUBLIC SAFET,58.3,2.1,16.6,8.4,73.7,15.1,1.3,53,47,536
28Q896,YOUNG WOMEN'S LEADERSHIP SCHOOL QUEENS,56.9,2.7,9,21,57.3,18.4,2.4,0,100,510
29Q248,QUEENS PREPARATORY ACADEMY,52.6,4.5,11.3,5.2,84.4,8.2,0.9,56,44,441
29Q259,PATHWAYS COLLEGE PREPARATORY SCHOOL: A COLLEGE B,48.8,2.3,16,2.2,94.2,2.9,0.7,53.3,46.7,555
29Q265,EXCELSIOR PREPARATORY HIGH SCHOOL,50.8,2.3,14.7,4.3,82.8,9.7,0.5,56.9,43.1,443
29Q272,GEORGE WASHINGTON CARVER HIGH SCHOOL FOR THE SCI,45,1.7,9.1,9.3,73.8,14.1,1.3,47.3,52.7,474
29Q283,PREPARATORY ACADEMY FOR WRITERS: A COLLEGE BOARD,51.2,1.9,14.4,3.4,84.1,10.4,0.8,43.1,56.9,473
29Q326,CAMBRIA HEIGHTS ACADEMY,71.1,2,13.6,3.4,87.1,7.5,2,55.1,44.9,147
29Q492,MATH SCIENCE RESEARCH AND TECHNOLOGY MAGNE,47.9,5.1,10.4,6.8,79.6,11.9,0.7,60.4,39.6,412
29Q494,LAW GOVERNMENT AND COMMUNITY SERVICE HIGH SCHOOL,45.1,2.9,13.9,4.4,83.3,10.6,0.9,48.7,51.3,454
29Q496,BUSINESS COMPUTER APPLICATIONS & ENTREPRENEURSHI,43.5,6.5,19,6.2,85.3,5.4,0.8,67.1,32.9,353
29Q498,HUMANITIES & ARTS MAGNET HIGH SCHOOL,51.5,3.5,14.8,4,85.9,8.5,1.5,42.8,57.2,481
30Q286,YOUNG WOMEN'S LEADERSHIP SCHOOL ASTORIA,68.1,5.5,5.3,39.2,4.2,40.4,16.2,0,100,495
30Q301,ACADEMY FOR CAREERS IN TELEVISION AND FILM,54.1,2.9,14.6,6,20.5,53.5,18.9,53.2,46.8,419
30Q445,WILLIAM CULLEN BRYANT HIGH SCHOOL,33.7,17.9,12.1,28.9,7.3,48.8,14.5,53.7,46.3,2945
30Q450,LONG ISLAND CITY HIGH SCHOOL,62.8,13.2,13.8,13.2,11.4,62.7,12.5,51.3,48.7,3386
30Q501,FRANK SINATRA SCHOOL OF THE ARTS HIGH SCHOOL,29.7,0.1,1.9,8.7,16.9,27.2,46.3,30,70,756
30Q502,INFORMATION TECHNOLOGY HIGH SCHOOL,73.7,9.6,16,15.6,18.1,56.6,9.4,71.8,28.2,917
30Q555,NEWCOMERS HIGH SCHOOL,81.2,90.3,0,48.3,5.6,43.5,2.6,53.2,46.8,932
30Q575,ACADEMY OF AMERICAN STUDIES,52.4,5.7,8,29.1,6.8,34.7,29.4,45,55,704
30Q580,BACCALAUREATE SCHOOL FOR GLOBAL EDUCATION,32.2,0,0.2,34.8,3.2,24.3,37.3,44.8,55.2,440
31R047,CSI HIGH SCHOOL FOR INTERNATIONAL STUDIES,29,0.2,13.9,11.5,12,17.9,58.5,41.5,58.5,532
31R064,MCCOWN EXPEDITIONARY LEARNING SCHOOL,35.4,1,22.8,5.9,15.7,17.6,60,52,48,408
31R080,MICHAEL J. PETRIDES HIGH SCHOOL,32.3,1.6,18.5,8.1,18.8,16.9,55.9,49.2,50.8,1308
31R440,NEW DORP HIGH SCHOOL,42.3,5.9,16.9,7,12.1,27.3,53.3,52.5,47.5,2658
31R445,PORT RICHMOND HIGH SCHOOL,53.3,5.3,20.9,6.8,30.9,37.6,24.2,54.8,45.2,2151
31R450,CURTIS HIGH SCHOOL,54.3,6.1,14.7,7.3,38.4,31.9,21.8,46.4,53.6,2552
31R455,TOTTENVILLE HIGH SCHOOL,18.4,1.4,13.9,5.4,2.1,9.9,82.1,49.6,50.4,3875
31R460,SUSAN E. WAGNER HIGH SCHOOL,41.4,3.4,18.8,14.6,11.3,24.1,49.4,50.8,49.2,3243
31R470,CONCORD HIGH SCHOOL,56.9,2.2,17.3,1.7,38,39.7,19.6,45.8,54.2,179
31R600,RALPH R. MCKEE CAREER AND TECHNICAL HIGH SCHOOL,59.7,3.6,26.2,4.6,40.3,33.2,21.6,67.1,32.9,675
31R605,STATEN ISLAND TECHNICAL HIGH SCHOOL,17,0.1,0.5,31.8,1.1,5.3,61.3,57,43,1104
32K168,BROOKLYN SCHOOL FOR MATH AND RESEARCH,60,11.6,7,7,48.8,39.5,0,60.5,39.5,43
32K403,ACADEMY FOR ENVIRONMENTAL LEADERSHIP,88.7,32.9,17.7,0.6,21,77.1,0.8,50,50,362
32K545,EBC HIGH SCHOOL FOR PUBLIC SERVICEBUSHWICK,86.9,15.3,12.2,1.7,9.2,88.1,0.7,52.1,47.9,606
32K549,BUSHWICK SCHOOL FOR SOCIAL JUSTICE,75.1,18.2,18.4,0.5,28.3,68.7,1.8,48.4,51.6,434
32K552,ACADEMY OF URBAN PLANNING,77.1,23.9,22.1,1.5,26.4,70.4,1,54.5,45.5,398
32K554,ALL CITY LEADERSHIP SECONDARY SCHOOL,81.4,2.7,4.9,5.3,12.9,79.5,1.5,52.1,47.9,263
32K556,BUSHWICK LEADERS HIGH SCHOOL FOR ACADEMIC EXCELL,88,18.2,18.6,0.9,21.2,77.3,0,53.2,46.8,462
